index,author,original_comment,processed_comment,is_gambling_prediction,confidence,gambling_keywords_found,has_contact_info,sentiment_polarity
0,@uzwaazha8374,Aku paling lawak yang perempuan kaya kudağŸ˜…ğŸ˜‚ğŸ˜‚ğŸ˜‚ğŸ˜‚ğŸ˜‚,aku paling lawak yang perempuan kaya kudağŸ˜…ğŸ˜‚ğŸ˜‚ğŸ˜‚ğŸ˜‚ğŸ˜‚,False,0.9997036350474316,0,False,0.0
1,@unguponzel9127,Perempuan kayak kudany ngeden ğŸ˜…ğŸ˜…,perempuan kayak kudany ngeden ğŸ˜…ğŸ˜…,False,0.9996671312183145,0,False,0.0
2,@sadlyaidil,Ending yang membangongkn,ending yang membangongkn,False,0.9952766501526057,0,False,0.0
3,@HamBali-s4n,ğŸ˜‚ğŸ˜‚ğŸ˜‚,ğŸ˜‚ğŸ˜‚ğŸ˜‚,False,0.990049751243781,0,False,0.0
4,@AbdulMunir-vo6ho,Kiuamat coi,kiuamat coi,False,0.9928210345903802,0,False,0.0
5,@amirhamzah7626,ğŸ˜‚ğŸ˜‚ğŸ˜‚,ğŸ˜‚ğŸ˜‚ğŸ˜‚,False,0.990049751243781,0,False,0.0
6,@AtosCopi,Kok haya susanti kek kitu nada nya ğŸ˜‚,kok haya susanti kek kitu nada nya ğŸ˜‚,False,0.9907818494568966,0,False,0.0
7,@BelaJ-v4b,3,,False,0.990049751243781,0,False,0.0
8,@BelaJ-v4b,ğŸ˜‚,ğŸ˜‚,False,0.990049751243781,0,False,0.0
9,@sejatiZalukhu,nomor 2 anjir ngakak bet pokok nya semuanya nya lucuğŸ˜‚ğŸ˜‚ğŸ˜‚,nomor  anjir ngakak bet pokok nya semuanya nya lucuğŸ˜‚ğŸ˜‚ğŸ˜‚,False,0.9971409938791963,0,False,0.0
10,@memespongebobbiasa2673,Matahari di barat pertandağŸ¤”,matahari di barat pertandağŸ¤”,False,0.9992777511153877,0,False,0.0
11,@JiwaJawara-j5d,sekalian matahari di tanahğŸ—¿ğŸ™,sekalian matahari di tanahğŸ—¿ğŸ™,False,0.9969938728182782,0,False,0.0
12,@JesiWahyu-u3u,"Yang ke dua itu di balikpapan, di waduk wonorejo wkwk",yang ke dua itu di balikpapan di waduk wonorejo wkwk,False,0.9954573583304342,0,False,0.0
13,@imamyahyaimamyahya1754,Terlalu dibuat buat,terlalu dibuat buat,False,0.9960717176928109,0,False,0.0
14,@vivianprayoga4005,ğŸ˜‚ğŸ˜‚ğŸ˜‚ğŸ˜‚,ğŸ˜‚ğŸ˜‚ğŸ˜‚ğŸ˜‚,False,0.990049751243781,0,False,0.0
15,@AngjeliRuni,no 3 lagu sedih jadi tidak. hahhaah,no  lagu sedih jadi tidak hahhaah,False,0.9908818250296122,0,False,0.0
16,@Indriani-pj9yz,kalo matahari dibarat berati kiamatğŸ˜„ğŸ˜‚ dong,kalo matahari dibarat berati kiamatğŸ˜„ğŸ˜‚ dong,False,0.9983231772805724,0,False,0.0
17,@amandaaputri-f6w,ğŸ˜‚ğŸ˜‚ğŸ˜‚,ğŸ˜‚ğŸ˜‚ğŸ˜‚,False,0.990049751243781,0,False,0.0
18,@DAYANGNURAIRAHAZIQAHBINTIAGHAS,Allah huakbar hahahahağŸ˜‚,allah huakbar hahahahağŸ˜‚,False,0.991523880913425,0,False,0.0
19,@NaezTech,BANYAK MUDA. Bukan Kayak Kuda. Lempang kang ğŸ˜‚,banyak muda bukan kayak kuda lempang kang ğŸ˜‚,False,0.9982323254267212,0,False,0.0
20,@BintangKurung-q3s,Kocak banget ğŸ˜‚ğŸ˜‚ğŸ˜‚ğŸ˜‚ğŸ˜‚ğŸ˜‚ğŸ˜‚ğŸ˜‚ğŸ˜‚ğŸ˜‚ğŸ˜‚ğŸ˜‚ğŸ˜‚ğŸ˜‚ğŸ˜‚ğŸ˜‚ğŸ˜‚ğŸ˜‚ğŸ˜‚ğŸ˜‚ğŸ˜‚,kocak banget ğŸ˜‚ğŸ˜‚ğŸ˜‚ğŸ˜‚ğŸ˜‚ğŸ˜‚ğŸ˜‚ğŸ˜‚ğŸ˜‚ğŸ˜‚ğŸ˜‚ğŸ˜‚ğŸ˜‚ğŸ˜‚ğŸ˜‚ğŸ˜‚ğŸ˜‚ğŸ˜‚ğŸ˜‚ğŸ˜‚ğŸ˜‚,False,0.9987387612408796,0,False,0.0
21,@DedeAazMuhtajunNasoih,Di baratğŸ˜‚ğŸ˜‚ğŸ˜‚,di baratğŸ˜‚ğŸ˜‚ğŸ˜‚,False,0.999460041144666,0,False,0.0
22,@MuhammadHanif-l2v,Yang pertama kaya kak galyas,yang pertama kaya kak galyas,False,0.9999488056651765,0,False,0.0
23,@renosetyo1739,AbyAnğŸ˜…ğŸ˜…ğŸ˜…ğŸ˜…ğŸ˜…ğŸ˜…ğŸ˜…ğŸ˜…ğŸ˜…ğŸ˜…ğŸ˜…,abyanğŸ˜…ğŸ˜…ğŸ˜…ğŸ˜…ğŸ˜…ğŸ˜…ğŸ˜…ğŸ˜…ğŸ˜…ğŸ˜…ğŸ˜…,False,0.9949087109602898,0,False,0.0
24,@renosetyo1739,ğŸ˜ŠğŸ˜ŠğŸ˜ŠğŸ˜ŠğŸ˜ŠğŸ˜ŠğŸ˜Š,ğŸ˜ŠğŸ˜ŠğŸ˜ŠğŸ˜ŠğŸ˜ŠğŸ˜ŠğŸ˜Š,False,0.990049751243781,0,False,0.0
25,@hendrahse7929,Petempuan kaya kuda,petempuan kaya kuda,False,0.9984407370748367,0,False,0.0
26,@eliermawati5904,ğŸ¤£ğŸ¤£ğŸ¤£ğŸ¤£ğŸ¤£ğŸ¤£ğŸ¤£,ğŸ¤£ğŸ¤£ğŸ¤£ğŸ¤£ğŸ¤£ğŸ¤£ğŸ¤£,False,0.990049751243781,0,False,0.0
27,@WahyuRafael,Kiamat jirğŸ¤£ğŸ¤£ğŸ¤£,kiamat jirğŸ¤£ğŸ¤£ğŸ¤£,False,0.9979795107863936,0,False,0.0
28,@SophiaChen-l7h,ğŸ˜‚ğŸ˜‚,ğŸ˜‚ğŸ˜‚,False,0.990049751243781,0,False,0.0
29,@CHANNELBUSINDONESIA,ğŸ˜‚ğŸ˜‚ğŸ¤£ğŸ¤£ğŸ¤£,ğŸ˜‚ğŸ˜‚ğŸ¤£ğŸ¤£ğŸ¤£,False,0.990049751243781,0,False,0.0
30,@WijiAstuti-y7g,nomor 4lucu banget,nomor lucu banget,False,0.999659993641366,0,False,0.0
31,@Ochagea-u9x,"Nomor 2,4,5 itu dari channel apa?",nomor  itu dari channel apa,False,0.9973883259767614,0,False,0.0
32,@AdeSunandar-t6u,yg ke dua anak buah bpk aku,yg ke dua anak buah bpk aku,False,0.9961483215327633,0,False,0.0
33,@welehweleh-m3s,Harusnya matahari kiamat,harusnya matahari kiamat,False,0.9980230909113165,0,False,0.0
34,@dazel_riel,Lanang emang bedaağŸ˜‚ğŸ˜‚,lanang emang bedaağŸ˜‚ğŸ˜‚,False,0.9966694508512138,0,False,0.0
35,@fahryhartanto2860,"ğŸ˜‚ğŸ˜‚ğŸ˜‚Saya Susanti kamu banyak utang tapi banyak gaya """"""ğŸ˜‚ğŸ˜‚",ğŸ˜‚ğŸ˜‚ğŸ˜‚saya susanti kamu banyak utang tapi banyak gaya ğŸ˜‚ğŸ˜‚,False,0.9935488048069117,0,False,0.0
36,@henyrachmawati259,Yang 3 malah nasehati jirr,yang  malah nasehati jirr,False,0.9949673697070631,0,False,0.0
37,@SyellaSugawa-y7k,"Cwok +62 emang kocak"" ğŸ˜‚",cwok  emang kocak ğŸ˜‚,False,0.9963822385579357,0,False,0.0
38,@davineselma527,NGAKAKKKK,ngakakkkk,False,0.9949087109602898,0,False,0.0
39,@streamerclipper21,The real cowok susah di tebak ğŸ˜­ğŸ—¿,the real cowok susah di tebak ğŸ˜­ğŸ—¿,False,0.9988110326484754,0,False,0.2
40,@ikawidyastuti7646,The real cowo susah di tebak kaya kakak ku ğŸ˜‚ğŸ˜‚ğŸ˜‚ğŸ˜‚ğŸ˜‚ğŸ˜‚ğŸ˜‚ğŸ˜‚ğŸ˜‚ğŸ˜‚ğŸ˜‚ğŸ˜‚ğŸ˜‚ğŸ˜‚ğŸ˜‚,the real cowo susah di tebak kaya kakak ku ğŸ˜‚ğŸ˜‚ğŸ˜‚ğŸ˜‚ğŸ˜‚ğŸ˜‚ğŸ˜‚ğŸ˜‚ğŸ˜‚ğŸ˜‚ğŸ˜‚ğŸ˜‚ğŸ˜‚ğŸ˜‚ğŸ˜‚,False,0.9987722186092207,0,False,0.2
41,@shahdinamik30,ngakak semuanyağŸ˜‚,ngakak semuanyağŸ˜‚,False,0.9985160479942887,0,False,0.0
42,@nizamactivitieschannel4484,Kiamat hehğŸ˜‚ğŸ˜‚ğŸ˜‚ğŸ˜‚,kiamat hehğŸ˜‚ğŸ˜‚ğŸ˜‚ğŸ˜‚,False,0.9979441145431983,0,False,0.0
43,@ReyHuny,"Ngakak banget ğŸ˜‚ğŸ˜‚ğŸ˜‚
Dirundung wibu",ngakak banget ğŸ˜‚ğŸ˜‚ğŸ˜‚ dirundung wibu,False,0.9992868854154306,0,False,0.0
44,@nizamactivitieschannel4484,Ngakak banget ğŸ˜‚ğŸ˜‚ğŸ˜‚,ngakak banget ğŸ˜‚ğŸ˜‚ğŸ˜‚,False,0.999458288703415,0,False,0.0
45,@HappyMega-l6q,Perempuan kayak kuda ğŸ˜­ğŸ˜­ğŸ˜­ğŸ˜­ğŸ˜­,perempuan kayak kuda ğŸ˜­ğŸ˜­ğŸ˜­ğŸ˜­ğŸ˜­,False,0.9998870575173757,0,False,0.0
46,@DANIDANI-u7f2e,ğŸ¤£ğŸ¤£ğŸ¤£,ğŸ¤£ğŸ¤£ğŸ¤£,False,0.990049751243781,0,False,0.0
47,@luthfiardiansyah4405,"menangis lahhh,,,, jangann nangissssssğŸ˜‚ğŸ˜‚ğŸ˜‚ğŸ˜‚ğŸ˜‚",menangis lahhh jangann nangissssssğŸ˜‚ğŸ˜‚ğŸ˜‚ğŸ˜‚ğŸ˜‚,False,0.9880230547656357,0,False,0.0
48,@DARK_cat999,"APA jangan jangan temen saya yang laki denger dari situğŸ˜‚ğŸ˜‚ğŸ˜‚ğŸ˜­ğŸ˜­ğŸ˜­
Yang Pagi ku cerah ku matahari dibaratğŸ˜‚ğŸ˜‚ğŸ˜‚ğŸ˜‚",apa jangan jangan temen saya yang laki denger dari situğŸ˜‚ğŸ˜‚ğŸ˜‚ğŸ˜­ğŸ˜­ğŸ˜­ yang pagi ku cerah ku matahari dibaratğŸ˜‚ğŸ˜‚ğŸ˜‚ğŸ˜‚,False,0.9996623459654672,0,False,0.0
49,@Mochi_channel-ouo,matahari di barat kiamagttğŸ˜­ğŸ˜­ğŸ˜­ğŸ˜­ğŸ˜­ğŸ˜­ğŸ˜­ğŸ˜­ğŸ˜­,matahari di barat kiamagttğŸ˜­ğŸ˜­ğŸ˜­ğŸ˜­ğŸ˜­ğŸ˜­ğŸ˜­ğŸ˜­ğŸ˜­,False,0.9998007794449327,0,False,0.0
50,@AltafRizky-m5d,Pagi ku cerahku matahari di barat ku gendong tas merah ku ke akhirat,pagi ku cerahku matahari di barat ku gendong tas merah ku ke akhirat,False,0.9990476998169607,0,False,0.0
51,@Demy05-w7b,Menurut aku fix sih ni 4 harus jadi no 1ğŸ˜‚ğŸ˜‚,menurut aku fix sih ni  harus jadi no ğŸ˜‚ğŸ˜‚,False,0.9886646469595276,0,False,0.0
52,@NoorMalasari-l5y,"Susanti yg imut cantik dn pinter,, di bilang perempuan kaya kudağŸ¤£ğŸ¤£ğŸ¤£ğŸ¤£ asli ngakak wujud dn lagunya jauh bertolak belakang mas",susanti yg imut cantik dn pinter di bilang perempuan kaya kudağŸ¤£ğŸ¤£ğŸ¤£ğŸ¤£ asli ngakak wujud dn lagunya jauh bertolak belakang mas,False,0.9996868194450617,0,False,0.0
53,@marisas.n7472,ğŸ˜‚ğŸ˜‚ğŸ˜‚,ğŸ˜‚ğŸ˜‚ğŸ˜‚,False,0.990049751243781,0,False,0.0
54,@dimaspaturp,lucu banget anjing babi ngentot,lucu banget anjing babi ngentot,False,0.99879740031668,0,False,0.0
55,@nayllaazharaputri,"Harusnya 
1.perempuan banyak muda 
2.kehilangan dirimu
3.kan kau juga manusia
5.matahari bersinar
Yang nomer 4 gak tau",harusnya perempuan banyak muda kehilangan dirimu kan kau juga manusia matahari bersinar yang nomer  gak tau,False,0.9859098790312664,0,False,0.0
56,@RidwanEfendi-g6k,ğŸ˜‚ğŸ˜‚ğŸ˜‚,ğŸ˜‚ğŸ˜‚ğŸ˜‚,False,0.990049751243781,0,False,0.0
57,@Nauraaaa-q3n,Gak tahan ngakak yang no 1 perempuan kayak kudağŸ‘¹ğŸ‘¹ğŸ‘ºğŸ¸ğŸŒ¹,gak tahan ngakak yang no  perempuan kayak kudağŸ‘¹ğŸ‘¹ğŸ‘ºğŸ¸ğŸŒ¹,False,0.9997808525438004,0,False,0.0
58,@TheGreatestIndonesia,"Matahari dibarat"" EndğŸ˜…",matahari dibarat endğŸ˜…,False,0.9990759540532483,0,False,0.0
59,@TriyugoWibowo-oq3op,Yang pertama kaya galyas,yang pertama kaya galyas,False,0.9998232329200376,0,False,0.0
60,@velynaryela,"Yang ke lima ku tambah ku gendong tas Merahku di angkasa









 map nambah nambah lirik ğŸ—¿ğŸ™ğŸ»ğŸ—¿",yang ke lima ku tambah ku gendong tas merahku di angkasa map nambah nambah lirik ğŸ—¿ğŸ™ğŸ»ğŸ—¿,False,0.9882250378403332,0,False,0.0
61,@wardiyono3209,Ihh ya ke satu kak galyasğŸ˜Šâ¤,ihh ya ke satu kak galyasğŸ˜Šâ¤,False,0.9988033197997119,0,False,0.0
62,@yulianti3011,itu galyas yang pertama,itu galyas yang pertama,False,0.9998848310703565,0,False,0.0
63,@moba08,Udah kiamat nanti kalau matahari di barat bg subhanallah,udah kiamat nanti kalau matahari di barat bg subhanallah,False,0.9986364973736943,0,False,0.0
64,@MrRocks24,ğŸ¤±ğŸ¤±ğŸ¤±,ğŸ¤±ğŸ¤±ğŸ¤±,False,0.990049751243781,0,False,0.0
65,@jumsijumsi7797,Keh,keh,False,0.9949087109602898,0,False,0.0
66,@RahimaRahiman-b4c,ğŸ˜…ğŸ˜…ğŸ˜…ğŸ˜‚ğŸ˜‚â¤â¤,ğŸ˜…ğŸ˜…ğŸ˜…ğŸ˜‚ğŸ˜‚â¤â¤,False,0.990049751243781,0,False,0.0
67,@TutikSusilowati-d6g,*_-ini cowok yang susah di tebak ğŸ¤£ğŸ¤£ğŸ¤£ğŸ¤£-_*,ini cowok yang susah di tebak ğŸ¤£ğŸ¤£ğŸ¤£ğŸ¤£,False,0.9990408051954919,0,False,0.0
68,@Santi-f4v,Kayak kuda gueeee,kayak kuda gueeee,False,0.9991361702193383,0,False,0.0
69,@SusilawatieMatHassan,ğŸ˜‚,ğŸ˜‚,False,0.990049751243781,0,False,0.0
70,@desiutami7507,Yang di rundung wibu sm matahari di barat ngakak bettğŸ˜‚,yang di rundung wibu sm matahari di barat ngakak bettğŸ˜‚,False,0.9974811724373128,0,False,0.0
71,@rezthafhabyanz959,Yg ke 5 kiamat dongğŸ˜‚,yg ke  kiamat dongğŸ˜‚,False,0.999429325337654,0,False,0.0
72,@Roa-t4l,yang pertama canduuğŸ˜‚ğŸ˜‚,yang pertama canduuğŸ˜‚ğŸ˜‚,False,0.9992764045647299,0,False,0.0
73,@jihanmakaila.jihan30,yg ke 1 ka galyasğŸ˜‚,yg ke  ka galyasğŸ˜‚,False,0.9988127213450771,0,False,0.0
74,@onyett3299,Ngakak ğŸ¤£,ngakak ğŸ¤£,False,0.9994236258916929,0,False,0.0
75,@jhonvolta5473,ğŸ˜‚ğŸ˜‚ğŸ˜‚,ğŸ˜‚ğŸ˜‚ğŸ˜‚,False,0.990049751243781,0,False,0.0
76,@MJHL2811,ğŸ˜‚,ğŸ˜‚,False,0.990049751243781,0,False,0.0
77,@putratarigan-f1g,buat lebih banyak konten seperti ini ğŸ˜‚,buat lebih banyak konten seperti ini ğŸ˜‚,False,0.9960160181605202,0,False,0.0
78,@ZahiraYulianti-i2d,ğŸ˜‚ğŸ˜‚ğŸ˜‚ğŸ˜‚ğŸ˜‚ğŸ˜‚ğŸ˜‚ğŸ˜‚ğŸ˜‚ğŸ˜‚ğŸ˜‚,ğŸ˜‚ğŸ˜‚ğŸ˜‚ğŸ˜‚ğŸ˜‚ğŸ˜‚ğŸ˜‚ğŸ˜‚ğŸ˜‚ğŸ˜‚ğŸ˜‚,False,0.990049751243781,0,False,0.0
79,@niknum5943,Ngakak ampir keselek gw ğŸ˜­ğŸ¤£,ngakak ampir keselek gw ğŸ˜­ğŸ¤£,False,0.9959024091489113,0,False,0.0
80,@SofyanAlfatrisi,Lucu banget nomor 1 sam nomor 3,lucu banget nomor  sam nomor ,False,0.999710795185344,0,False,0.0
81,@twtu550,ğŸ˜‚ğŸ˜‚,ğŸ˜‚ğŸ˜‚,False,0.990049751243781,0,False,0.0
82,@Kyoo.Official,Suwer ngakak sendiri ğŸ˜‚,suwer ngakak sendiri ğŸ˜‚,False,0.9957393960411637,0,False,0.0
83,@pemancingmanagan4776,"Pahala bang,pagi jumat  udah bikin orang ketawa ngakakğŸ˜‚ğŸ˜‚ğŸ˜‚",pahala bangpagi jumat udah bikin orang ketawa ngakakğŸ˜‚ğŸ˜‚ğŸ˜‚,False,0.9917594778524322,0,False,0.0
84,@ribomila2843,Matahari di baratğŸ˜‚ğŸ˜‚ğŸ˜‚ğŸ˜‚ğŸ˜‚ kiamat itu mahğŸ˜‚,matahari di baratğŸ˜‚ğŸ˜‚ğŸ˜‚ğŸ˜‚ğŸ˜‚ kiamat itu mahğŸ˜‚,False,0.9997960662975521,0,False,0.0
85,@fransiskatjoe4955,Aku ngakak jangan nangis ğŸ˜­ğŸ˜­ğŸ¤£ğŸ¤£,aku ngakak jangan nangis ğŸ˜­ğŸ˜­ğŸ¤£ğŸ¤£,False,0.999463408070044,0,False,0.0
86,@Eldi27,No 5 ğŸ˜­ğŸ˜­ kiamat cook,no  ğŸ˜­ğŸ˜­ kiamat cook,False,0.9973875595624252,0,False,0.0
87,@TatsuyaDk,Haiiya susanti perempuan banyak hutang,haiiya susanti perempuan banyak hutang,False,0.9991887790642713,0,False,0.0
88,@salmahmh1064,ğŸ˜‚,ğŸ˜‚,False,0.990049751243781,0,False,0.0
89,@salmaismail1780,No 5 gelap,no  gelap,False,0.9981958907868023,0,False,0.0
90,@evinkaazaleasyahputripaudb2215,Mana gw wibu pulağŸ‘ğŸ‘„ğŸ‘,mana gw wibu pulağŸ‘ğŸ‘„ğŸ‘,False,0.9946514407842206,0,False,0.0
91,@susiaryati6966,Ngakak njeerğŸ˜‚ğŸ˜‚,ngakak njeerğŸ˜‚ğŸ˜‚,False,0.9994236258916929,0,False,0.0
92,@AristaLende,ğŸ˜‚ğŸ˜‚ğŸ˜‚,ğŸ˜‚ğŸ˜‚ğŸ˜‚,False,0.990049751243781,0,False,0.0
93,@AfizahKhairinalatifah-u9g,AnjayyyyyyğŸ˜‚ğŸ˜‚ğŸ˜‚,anjayyyyyyğŸ˜‚ğŸ˜‚ğŸ˜‚,False,0.9949087109602898,0,False,0.0
94,@ArdiansyahTerimakeputusan,ğŸ˜‚ğŸ˜‚ğŸ˜‚ğŸ˜‚,ğŸ˜‚ğŸ˜‚ğŸ˜‚ğŸ˜‚,False,0.990049751243781,0,False,0.0
95,@anomali-91-z2g,"""kehilangan ginjal ku~""bisa nyambung lagiğŸ—¿",kehilangan ginjal kubisa nyambung lagiğŸ—¿,False,0.995104170129392,0,False,0.0
96,@crowye5951,No 1 temen gw itu ğŸ¤£,no  temen gw itu ğŸ¤£,False,0.9982872420037956,0,False,0.0
97,@MuhammadFaisal-zf5vy,ğŸ˜‚ğŸ˜‚ğŸ˜‚Matahri di barat..belum kiamat woi...ğŸ˜‚,ğŸ˜‚ğŸ˜‚ğŸ˜‚matahri di baratbelum kiamat woiğŸ˜‚,False,0.9926885998982428,0,False,0.0
98,@mike-29,Jangan nangisğŸ˜­ğŸ˜­,jangan nangisğŸ˜­ğŸ˜­,False,0.9991281255507032,0,False,0.0
99,@yeonyunji3842,ğŸ˜­ğŸ˜­ğŸ˜­ğŸ˜­ğŸ˜­,ğŸ˜­ğŸ˜­ğŸ˜­ğŸ˜­ğŸ˜­,False,0.990049751243781,0,False,0.0
100,@SyarifEffendi-b6v,ğŒğ€ğ’ğ“ğ„ğ‘ğŸğŸ‘ğŸ– emang juara dan terbaik,ğŒğ€ğ’ğ“ğ„ğ‘ emang juara dan terbaik,False,0.9920494858810183,0,False,0.0
101,@NorJihan-d9f,ğŸ˜‚ğŸ˜‚ğŸ˜‚ğŸ˜‚ğŸ˜‚ğŸ˜‚ğŸ˜‚ğŸ˜‚ğŸ˜‚ğŸ˜‚,ğŸ˜‚ğŸ˜‚ğŸ˜‚ğŸ˜‚ğŸ˜‚ğŸ˜‚ğŸ˜‚ğŸ˜‚ğŸ˜‚ğŸ˜‚,False,0.990049751243781,0,False,0.0
102,@Turangan_Family,Matahari di barat maka indo timur mundurğŸ˜‚ğŸ˜‚,matahari di barat maka indo timur mundurğŸ˜‚ğŸ˜‚,False,0.9994805618522098,0,False,0.0
103,@devissudirman1638,Terakhir langsung final day,terakhir langsung final day,False,0.9932334475217156,0,False,0.0
104,@MaySaroh-j2u,Kehilangan ginjal kuuuuuuğŸ˜‚ğŸ¤£ğŸ¤£ğŸ¤£ğŸ¤£,kehilangan ginjal kuuuuuuğŸ˜‚ğŸ¤£ğŸ¤£ğŸ¤£ğŸ¤£,False,0.995704055308649,0,False,0.0
105,@haslinanovianti12,ğŸ˜‚ğŸ˜‚ğŸ˜‚ğŸ˜‚ğŸ˜‚ğŸ˜‚ğŸ˜‚â¤,ğŸ˜‚ğŸ˜‚ğŸ˜‚ğŸ˜‚ğŸ˜‚ğŸ˜‚ğŸ˜‚â¤,False,0.990049751243781,0,False,0.0
106,@sriyuniharyati5603,Aku wibu,aku wibu,False,0.9989017148626879,0,False,0.0
107,@muhammadhilalmaruf3064,Gg parah no.5 auto kiamat donk,gg parah no auto kiamat donk,False,0.996429683583601,0,False,0.0
108,@rismayanti-o2c,hahaha,hahaha,False,0.9973266529876077,0,False,0.2
109,@VikoJuna-d6w,Hari sekali di barat dunia atau meledak ğŸ—¿ğŸ¤£,hari sekali di barat dunia atau meledak ğŸ—¿ğŸ¤£,False,0.9947812937590226,0,False,0.0
110,@SampiLiah,ğŸ˜‚ğŸ˜‚ğŸ˜‚ğŸ˜‚,ğŸ˜‚ğŸ˜‚ğŸ˜‚ğŸ˜‚,False,0.990049751243781,0,False,0.0
111,@selvyfranatatv6529,ngakakğŸ˜­,ngakakğŸ˜­,False,0.9994236258916929,0,False,0.0
112,@Rind4chi,ğŸ˜‚ğŸ˜‚ğŸ˜‚ğŸ˜‚ğŸ¤£ğŸ¤£ğŸ¤£ğŸ‘,ğŸ˜‚ğŸ˜‚ğŸ˜‚ğŸ˜‚ğŸ¤£ğŸ¤£ğŸ¤£ğŸ‘,False,0.990049751243781,0,False,0.0
113,@KomozakiMitsuda,perempuan kaya kudağŸ˜‚ğŸ˜‚ğŸ˜‚,perempuan kaya kudağŸ˜‚ğŸ˜‚ğŸ˜‚,False,0.9996908151891982,0,False,0.0
114,@iamhida,Serem kali matahari dibaratğŸ˜…,serem kali matahari dibaratğŸ˜…,False,0.9974805884347775,0,False,0.0
115,@HaesumaOk,Kiyamat,kiyamat,False,0.9949087109602898,0,False,0.0
116,@BellCa.Belluce,Cape bgtt anjjirrrğŸ˜­ğŸ˜­ğŸ˜­,cape bgtt anjjirrrğŸ˜­ğŸ˜­ğŸ˜­,False,0.9895240079661629,0,False,0.0
117,@raditzaky6421,Muka serius nyanyian misterius ğŸ˜…,muka serius nyanyian misterius ğŸ˜…,False,0.988516352094352,0,False,0.0
118,@anggabhomantara8184,ğŸ˜„ğŸ˜„ğŸ˜„,ğŸ˜„ğŸ˜„ğŸ˜„,False,0.990049751243781,0,False,0.0
119,@BagasWahyu-k4x,Ngakak ğŸ˜‚ğŸ˜‚ğŸ˜‚ğŸ˜‚,ngakak ğŸ˜‚ğŸ˜‚ğŸ˜‚ğŸ˜‚,False,0.9994236258916929,0,False,0.0
120,@arinramadhantyalfaizah4914,ngakak sampe ubun2ğŸ˜‚ğŸ˜‚ğŸ˜‚ğŸ˜‚ğŸ˜‚ğŸ˜…ğŸ˜…ğŸ˜…ğŸ˜…ğŸ˜…,ngakak sampe ubunğŸ˜‚ğŸ˜‚ğŸ˜‚ğŸ˜‚ğŸ˜‚ğŸ˜…ğŸ˜…ğŸ˜…ğŸ˜…ğŸ˜…,False,0.9979925016942183,0,False,0.0
121,@mochmaulanamalikibrahim8080,ğŸ˜‚ğŸ˜‚ğŸ˜‚ğŸ˜‚ğŸ˜‚ğŸ˜‚ğŸ˜‚,ğŸ˜‚ğŸ˜‚ğŸ˜‚ğŸ˜‚ğŸ˜‚ğŸ˜‚ğŸ˜‚,False,0.990049751243781,0,False,0.0
122,@KevinTian77,Jangan nangis ğŸ˜‚ğŸ˜‚ğŸ˜‚ğŸ˜‚ğŸ˜‚ğŸ˜‚ğŸ˜‚ ngakak bet dah,jangan nangis ğŸ˜‚ğŸ˜‚ğŸ˜‚ğŸ˜‚ğŸ˜‚ğŸ˜‚ğŸ˜‚ ngakak bet dah,False,0.9987846347582042,0,False,0.0
123,@KeysaKeyla-v5b,Yang 5 matahari di barat ituh kiamat kocak,yang  matahari di barat ituh kiamat kocak,False,0.9994800555984681,0,False,0.0
124,@sadgaming53096..,Terpopuler â­ğ‘²ğ’€ğ‘»4ğ‘«â­Member baru pasti jepeeâ¤,terpopuler â­ğ‘²ğ’€ğ‘»ğ‘«â­member baru pasti jepeeâ¤,False,0.9855581767024797,0,False,0.0
125,@NimulalUraow,Keren parah ğ‘²ğ’€ğ‘»4ğ‘«! Pengen main terus. ğŸ‘,keren parah ğ‘²ğ’€ğ‘»ğ‘« pengen main terus ğŸ‘,False,0.994964202018815,0,False,0.16666666666666666
126,@nisharaikwar4879,Gw paling demen gas di â­ğ‘²ğ’€ğ‘»4ğ‘«â­ wkwkwkww seru. Harus sering2 sih ini mah auto jepey!,gw paling demen gas di â­ğ‘²ğ’€ğ‘»ğ‘«â­ wkwkwkww seru harus sering sih ini mah auto jepey,False,0.977333365706027,0,False,0.0
127,@Keshav-t3k,Emang gak ada yang bisa ngalahin serunya â­ğ‘²ğ’€ğ‘»4ğ‘«â­.,emang gak ada yang bisa ngalahin serunya â­ğ‘²ğ’€ğ‘»ğ‘«â­,False,0.9960448100709246,0,False,0.0
128,@AmitKumar-i6i9k,Lancar lancar bang salam Jepe â­ğ‘²ğ’€ğ‘»4ğ‘«â­,lancar lancar bang salam jepe â­ğ‘²ğ’€ğ‘»ğ‘«â­,False,0.9977459617233386,0,False,0.0
129,@SalnangMarak-nm6mo,ğ‘²ğ’€ğ‘»4ğ‘«...MODAL SEDIKIT HASIL MAKSIMAL &lt;3,ğ‘²ğ’€ğ‘»ğ‘«modal sedikit hasil maksimal lt,True,0.9930886332129663,1,False,0.0
130,@NarendraKumar-l2m,Lancar lancar bang salam Jepe â­ğ‘²ğ’€ğ‘»4ğ‘«â­,lancar lancar bang salam jepe â­ğ‘²ğ’€ğ‘»ğ‘«â­,False,0.9977459617233386,0,False,0.0
131,@OmprakashKumar-q2p,ğ‘²ğ’€ğ‘»4ğ‘«? TERBAIKK JEPE TERUS BRO!!,ğ‘²ğ’€ğ‘»ğ‘« terbaikk jepe terus bro,False,0.9971977511477964,0,False,0.0
132,@BikramMandal-ub7ci,"ğ‘²ğ’€ğ‘»4ğ‘« JUARA PISANN EI, JEIPE GEDE GEDE , MAKIN SERU MAINNYA !",ğ‘²ğ’€ğ‘»ğ‘« juara pisann ei jeipe gede gede makin seru mainnya,False,0.9710246753495048,0,False,0.0
133,@avinashmohol2203,CAPEE BANGETT MENANG MULU MAIN DI ğ‘²ğ’€ğ‘»4ğ‘«ğŸ¤‘ğŸ’¥,capee bangett menang mulu main di ğ‘²ğ’€ğ‘»ğ‘«ğŸ¤‘ğŸ’¥,False,0.9924112710627369,0,False,0.16666666666666666
134,@HariKrishna-of1up,Pokoknya ğ‘²ğ’€ğ‘»4ğ‘« recommended banget buat semua!,pokoknya ğ‘²ğ’€ğ‘»ğ‘« recommended banget buat semua,False,0.9955214240364291,0,False,0.0
135,@Progaming-lo6xt,Bikin senyum sendiri! ğ‘²ğ’€ğ‘»4ğ‘«,bikin senyum sendiri ğ‘²ğ’€ğ‘»ğ‘«,False,0.9963285205569362,0,False,0.0
136,@AbdulRahim-t6v7y,"Nyaman banget main di ğ‘²ğ’€ğ‘»4ğ‘«, Caerrnya nggak bisa berhenti ğŸ˜†ğŸ’¸ğŸ”¥",nyaman banget main di ğ‘²ğ’€ğ‘»ğ‘« caerrnya nggak bisa berhenti ğŸ˜†ğŸ’¸ğŸ”¥,False,0.9960643051686769,0,False,0.16666666666666666
137,@GopalBuj-b3w,"Lucu sampe nggak karuan! Kalo mau duitnya nggak karuan banyak, ğ‘²ğ’€ğ‘»4ğ‘« tempatnya! ğŸ’",lucu sampe nggak karuan kalo mau duitnya nggak karuan banyak ğ‘²ğ’€ğ‘»ğ‘« tempatnya ğŸ’,False,0.9877704375348006,0,False,0.0
138,@Princejain1089,"Mantep â­ğ‘²ğ’€ğ‘»4ğ‘«â­ udah jadi kebiasaan, Caerr terusss !!!",mantep â­ğ‘²ğ’€ğ‘»ğ‘«â­ udah jadi kebiasaan caerr terusss,False,0.9864259611527885,0,False,0.0
139,@SamarthTupe-s7x,Cuma â­ğ‘²ğ’€ğ‘»4ğ‘«â­ nih yang langsung ngasih JP besar.. MANTAP BROO,cuma â­ğ‘²ğ’€ğ‘»ğ‘«â­ nih yang langsung ngasih jp besar mantap broo,False,0.9672689423600032,0,False,0.0
140,@ayushmanprophantom8351,Bener-bener rejeki nomplok ğŸ¤‘ğŸ’¥ ğ‘²ğ’€ğ‘»4ğ‘« juara banget,benerbener rejeki nomplok ğŸ¤‘ğŸ’¥ ğ‘²ğ’€ğ‘»ğ‘« juara banget,False,0.9931090302544154,0,False,0.0
141,@Aarna.gamingofficial,"Konten seperti ini yang dibutuhkan di YouTube. Sukses terus!,ğ‘²ğ’€ğ‘»4ğ‘«!",konten seperti ini yang dibutuhkan di youtube sukses terusğ‘²ğ’€ğ‘»ğ‘«,False,0.9902765838869154,0,False,0.0
142,@Vikash-j8b7o,"Asli deh, â­ğ‘²ğ’€ğ‘»4ğ‘«â­ sama konten lo sama-sama bikin betah! ğŸ ",asli deh â­ğ‘²ğ’€ğ‘»ğ‘«â­ sama konten lo samasama bikin betah ğŸ ,False,0.9931794589343775,0,False,0.0
143,@AbhinavAbhinavabhi,Keren banget videonya! ğ‘²ğ’€ğ‘»4ğ‘«,keren banget videonya ğ‘²ğ’€ğ‘»ğ‘«,False,0.9966467622496805,0,False,0.0
144,@HEADTORED640,"Auto senyum tiap buka ğŸ’«ğ‘²ğ’€ğ‘»4ğ‘« ğŸ’«, cuannya gak kira-kira",auto senyum tiap buka ğŸ’«ğ‘²ğ’€ğ‘»ğ‘« ğŸ’« cuannya gak kirakira,False,0.9872909419911458,0,False,0.0
145,@karthikelumalai2004,"Asli kontennya top, ğŸ‘µğ‘²ğ’€ğ‘»4ğ‘«ğŸ‘µ juga selalu top sih. ğŸ‘‘",asli kontennya top ğŸ‘µğ‘²ğ’€ğ‘»ğ‘«ğŸ‘µ juga selalu top sih ğŸ‘‘,False,0.9949530173305671,0,False,0.5
146,@KavitapawarKavitapawar-je1jk,"Gak nyangka iseng doang, eh malah ketagihan sama ğ‘²ğ’€ğ‘»4ğ‘«",gak nyangka iseng doang eh malah ketagihan sama ğ‘²ğ’€ğ‘»ğ‘«,False,0.9870846745121843,0,False,0.0
147,@rampatsing3376,"Baru juga mulai, udah gak bisa berhenti ğŸ’«ğ‘²ğ’€ğ‘»4ğ‘« ğŸ’«",baru juga mulai udah gak bisa berhenti ğŸ’«ğ‘²ğ’€ğ‘»ğ‘« ğŸ’«,False,0.9960203981735698,0,False,0.0
148,@Brightgaming29,"Kontennya bikin betah, ğŸ‘µğ‘²ğ’€ğ‘»4ğ‘«ğŸ‘µ juga bikin betah sampe pagi. ğŸŒ„",kontennya bikin betah ğŸ‘µğ‘²ğ’€ğ‘»ğ‘«ğŸ‘µ juga bikin betah sampe pagi ğŸŒ„,False,0.9961353979375394,0,False,0.0
149,@effsey1456,No tiga Arya salokağŸ˜‚,no tiga arya salokağŸ˜‚,False,0.9906415101207551,0,False,0.0
150,@meccaRK,Ngakak woiiğŸ˜­ğŸ˜­ btw kalo mata hari di barat berarti kiamat dongğŸ˜­ğŸ˜­,ngakak woiiğŸ˜­ğŸ˜­ btw kalo mata hari di barat berarti kiamat dongğŸ˜­ğŸ˜­,False,0.9995366639082766,0,False,0.0
151,@puput9260,yang nomor satu kayak galyas muka cewek nya,yang nomor satu kayak galyas muka cewek nya,False,0.9986205469873876,0,False,0.0
152,@Widiyanto-k1s,"Gwe dngerin ny pake headset ketawa sndri,anak ma laki gwe mlh bilng mamah kumat ğŸ˜‚ğŸ˜‚ğŸ˜‚",gwe dngerin ny pake headset ketawa sndrianak ma laki gwe mlh bilng mamah kumat ğŸ˜‚ğŸ˜‚ğŸ˜‚,False,0.9932247138291337,0,False,0.0
153,@asroanzani1545,Salah lirik semua,salah lirik semua,False,0.9966168452311032,0,False,0.0
154,@ArjunaPratama-v8b,Udah kiamat kalo.matahari di baratğŸ˜…ğŸ˜…ğŸ˜…ğŸ˜…ğŸ˜…ğŸ˜…ğŸ˜Š,udah kiamat kalomatahari di baratğŸ˜…ğŸ˜…ğŸ˜…ğŸ˜…ğŸ˜…ğŸ˜…ğŸ˜Š,False,0.9986972639556659,0,False,0.0
155,@ryugaalvaro6469,ğŸ˜‚ğŸ˜‚ğŸ˜‚ğŸ˜‚ğŸ˜‚ğŸ˜‚ğŸ˜‚ğŸ˜‚ğŸ˜‚,ğŸ˜‚ğŸ˜‚ğŸ˜‚ğŸ˜‚ğŸ˜‚ğŸ˜‚ğŸ˜‚ğŸ˜‚ğŸ˜‚,False,0.990049751243781,0,False,0.0
156,@felaayu2289,Kuda kecebur got tapi orangnya yang kecebur gotğŸ˜‚ğŸ˜‚ğŸ˜‚ğŸ˜‚ğŸ˜‚ğŸ˜‚ğŸ˜‚ğŸ˜‚ğŸ˜‚ğŸ˜‚,kuda kecebur got tapi orangnya yang kecebur gotğŸ˜‚ğŸ˜‚ğŸ˜‚ğŸ˜‚ğŸ˜‚ğŸ˜‚ğŸ˜‚ğŸ˜‚ğŸ˜‚ğŸ˜‚,False,0.9945855054569369,0,False,0.0
157,@felaayu2289,Kuda nil kecebur got,kuda nil kecebur got,False,0.9960605989766383,0,False,0.0
158,@akunbaruku9626,ğŸ˜…ğŸ˜‚ğŸ˜‚ğŸ˜‚ğŸ˜‚ğŸ˜‚,ğŸ˜…ğŸ˜‚ğŸ˜‚ğŸ˜‚ğŸ˜‚ğŸ˜‚,False,0.990049751243781,0,False,0.0
159,@DioShakabakekok,Kehilangan ginjal ku sama 3,kehilangan ginjal ku sama ,False,0.9971545431955435,0,False,0.0
160,@tisa-ym9nr,Jangan nangisss ğŸ¤£ğŸ¤£ğŸ¤£,jangan nangisss ğŸ¤£ğŸ¤£ğŸ¤£,False,0.9981519006672225,0,False,0.0
161,@akifaaskana5503,ğŸ˜‚,ğŸ˜‚,False,0.990049751243781,0,False,0.0
162,@muhamuharudin5822,Yang 5 gelapğŸ’€,yang  gelapğŸ’€,False,0.9994562909282778,0,False,0.0
163,@YumnaZahro-t4r,Matahari di barat gak tuhhhğŸ—¿,matahari di barat gak tuhhhğŸ—¿,False,0.9994756609989959,0,False,0.0
164,@WangiShakilaadiba,Nomor lima gak lucu bang hatiÂ² dengan candaan mu,nomor lima gak lucu bang hatiÂ² dengan candaan mu,False,0.9923907444504868,0,False,0.0
165,@SeptianFarhandikafadly,Di luar prediksi bmkgğŸ—¿ğŸ—¿ğŸ—¿ğŸ—¿ğŸ‘ğŸ‘Š,di luar prediksi bmkgğŸ—¿ğŸ—¿ğŸ—¿ğŸ—¿ğŸ‘ğŸ‘Š,True,0.963994806593333,1,False,0.0
166,@nandakurniawan4914,Jangan ğŸ˜‚ğŸ˜‚ğŸ˜‚ğŸ˜‚ğŸ˜‚,jangan ğŸ˜‚ğŸ˜‚ğŸ˜‚ğŸ˜‚ğŸ˜‚,False,0.9981784150140757,0,False,0.0
167,@dikymovies4843,Emang bener perempuan kaya kudağŸ˜‚ ngakak cok,emang bener perempuan kaya kudağŸ˜‚ ngakak cok,False,0.9995096789774108,0,False,0.0
168,@bybey1994,Semuanya bikin ngakakğŸ˜…,semuanya bikin ngakakğŸ˜…,False,0.9989669384786335,0,False,0.0
169,@StandinSea-z5t,Yg lucu jangan nangis dan kehilangan  ginjalku ğŸ˜‚ğŸ˜‚ğŸ˜‚ğŸ˜‚ğŸ˜‚ğŸ˜‚ğŸ˜‚ğŸ˜‚ğŸ˜‚ğŸ˜‚ğŸ˜‚ğŸ˜‚,yg lucu jangan nangis dan kehilangan ginjalku ğŸ˜‚ğŸ˜‚ğŸ˜‚ğŸ˜‚ğŸ˜‚ğŸ˜‚ğŸ˜‚ğŸ˜‚ğŸ˜‚ğŸ˜‚ğŸ˜‚ğŸ˜‚,False,0.9980902158640139,0,False,0.0
170,@SKYZKAGENOU,Kiamat belum terjadiğŸ˜‚ğŸ˜‚ğŸ˜‚ğŸ˜‚ğŸ˜‚ğŸ˜‚ğŸ˜‚ğŸ˜‚ kehilangan jinjal dijual anjing makan orang haram eh salah ngentik males padam bio,kiamat belum terjadiğŸ˜‚ğŸ˜‚ğŸ˜‚ğŸ˜‚ğŸ˜‚ğŸ˜‚ğŸ˜‚ğŸ˜‚ kehilangan jinjal dijual anjing makan orang haram eh salah ngentik males padam bio,False,0.9217832618724573,0,False,0.0
171,@10.dhitasyafanurlaili86,Jangan nangiss sih gong nyağŸ˜­ğŸ˜­ğŸ˜­,jangan nangiss sih gong nyağŸ˜­ğŸ˜­ğŸ˜­,False,0.9991543786439299,0,False,0.0
172,@PakKasian-d7z,ğŸ˜…ğŸ˜…ğŸ˜…ğŸ˜…,ğŸ˜…ğŸ˜…ğŸ˜…ğŸ˜…,False,0.990049751243781,0,False,0.0
173,@roytamam5826,PEREMPUAN KAYA KUDA ITU SAYAAAAAA.... SAYA YANG NYEBUT. MAAF BUAT SUSANTI ğŸ™ğŸ»ğŸ™ğŸ»ğŸ™ğŸ»,perempuan kaya kuda itu sayaaaaaa saya yang nyebut maaf buat susanti ğŸ™ğŸ»ğŸ™ğŸ»ğŸ™ğŸ»,False,0.9974103159647053,0,False,0.0
174,@WindaSetiawan-b7i,Maaf ngakak ğŸ¤£ğŸ¤£ğŸ¤£,maaf ngakak ğŸ¤£ğŸ¤£ğŸ¤£,False,0.9980987699835134,0,False,0.0
175,@DaikMakherlis,A-apa itu deket pohon yang ke hilangan ginjal kuğŸ˜°ğŸ˜¥,aapa itu deket pohon yang ke hilangan ginjal kuğŸ˜°ğŸ˜¥,False,0.9947791541695018,0,False,0.0
176,@toucan123-x2m,"""Matahari di barat"" ğŸ—¿",matahari di barat ğŸ—¿,False,0.9998007794449327,0,False,0.0
177,@KomandanSakti-hq4hy,Perempuan kayak kudağŸ’…,perempuan kayak kudağŸ’…,False,0.9998870575173757,0,False,0.0
178,@anomriyani2620,Haha,haha,False,0.9973908947567369,0,False,0.2
179,@arifshaputro2485,Sambil komat Kamit mulut Mbah dukun baca mangağŸ˜‚,sambil komat kamit mulut mbah dukun baca mangağŸ˜‚,False,0.9513045047476041,0,False,0.0
180,@AlfinRahmatullah-r7y5r,Gua dgr perempuan banyak kuda,gua dgr perempuan banyak kuda,False,0.9979446254264017,0,False,0.0
181,@rinoindriyanto6938,Kocaqqqqq jirrrrğŸ˜ŒğŸ¤ğŸ™‰,kocaqqqqq jirrrrğŸ˜ŒğŸ¤ğŸ™‰,False,0.9928210345903802,0,False,0.0
182,@fajryrayga773,Perempuan kayak kuda,perempuan kayak kuda,False,0.9998870575173757,0,False,0.0
183,@simahsimah3211,"No 5,  kelar sudaaah dunia kalau beneran",no  kelar sudaaah dunia kalau beneran,False,0.9889132877413829,0,False,0.0
184,@RubiyahBiyah-es1kx,Wkwkwk yg no. lima matahari dibaratğŸ¤£ğŸ—¿,wkwkwk yg no lima matahari dibaratğŸ¤£ğŸ—¿,False,0.9982629722445523,0,False,0.0
185,@rikiartanto3023,Eh aku kangen lihat konten mas sambung lirik malam2 itu...siapa ya..ğŸ˜‚ğŸ˜‚ğŸ˜‚,eh aku kangen lihat konten mas sambung lirik malam itusiapa yağŸ˜‚ğŸ˜‚ğŸ˜‚,False,0.9838269099374581,0,False,0.0
186,@AnitaNapu,Heh perempuan itu cantik bukan kaya kuda ğŸ˜‘ğŸ«©,heh perempuan itu cantik bukan kaya kuda ğŸ˜‘ğŸ«©,False,0.9981720191287977,0,False,0.0
187,@muhammadiqbalwidiaputra6480,Banyakan dari konten Izzy pizzy ğŸ˜‚,banyakan dari konten izzy pizzy ğŸ˜‚,False,0.9885631666665039,0,False,0.0
188,@Just_Alloh,"Kok terhibur yaaa
Ada lagi gak ya video kyk gini",kok terhibur yaaa ada lagi gak ya video kyk gini,False,0.9894286043593966,0,False,0.0
189,@bewokputra-n6m,"á´á´‡-á´á´‡É´á´€É´É¢ÉªsÊŸá´€Êœ
Êá´á´œ-á´Šá´€É´É¢á´€É´ É´á´€É´É¢ÉªsğŸ˜…ğŸ˜…ğŸ˜…",á´á´‡á´á´‡É´á´€É´É¢ÉªsÊŸá´€Êœ Êá´á´œá´Šá´€É´É¢á´€É´ É´á´€É´É¢ÉªsğŸ˜…ğŸ˜…ğŸ˜…,False,0.990049751243781,0,False,0.0
190,@hidayatullahhidayat7214,Di rundung wibu,di rundung wibu,False,0.991150208267521,0,False,0.0
191,@arsyilarumeesa6783,Aneh suara nyağŸ˜‚ğŸ˜‚,aneh suara nyağŸ˜‚ğŸ˜‚,False,0.9979505623531411,0,False,0.0
192,@sastrongaijan,ğŸš¾,ğŸš¾,False,0.990049751243781,0,False,0.0
193,@a.mulyadi5540,Nonton nya sampe di ulang-ulang soalnya lucu..ğŸ˜‚ğŸ¤£ğŸ¤£ğŸ¤£ğŸ¤£ğŸ¤£ğŸ¤£ğŸ¤£ğŸ¤£ğŸ¤£ğŸ¤£ğŸ¤£ğŸ¤£ğŸ¤£ğŸ¤£ğŸ¤£ğŸ¤£ğŸ¤£ğŸ¤£ğŸ¤£ğŸ¤£ğŸ¤£ğŸ¤£ğŸ¤£ğŸ¤£ğŸ¤£ğŸ¤£ğŸ¤£ğŸ¤£ğŸ¤£ğŸ¤£ğŸ¤£ğŸ¤£ğŸ¤£ğŸ¤£ğŸ¤£ğŸ¤£ğŸ¤£ğŸ¤£ğŸ¤£ğŸ¤£ğŸ¤£ğŸ¤£ğŸ¤£ğŸ¤£anjay kocak coooooo.ğŸ¤£ğŸ¤£ğŸ¤£ğŸ¤£ğŸ¤£ğŸ¤£ğŸ¤£ğŸ¤£,nonton nya sampe di ulangulang soalnya lucuğŸ˜‚ğŸ¤£ğŸ¤£ğŸ¤£ğŸ¤£ğŸ¤£ğŸ¤£ğŸ¤£ğŸ¤£ğŸ¤£ğŸ¤£ğŸ¤£ğŸ¤£ğŸ¤£ğŸ¤£ğŸ¤£ğŸ¤£ğŸ¤£ğŸ¤£ğŸ¤£ğŸ¤£ğŸ¤£ğŸ¤£ğŸ¤£ğŸ¤£ğŸ¤£ğŸ¤£ğŸ¤£ğŸ¤£ğŸ¤£ğŸ¤£ğŸ¤£ğŸ¤£ğŸ¤£ğŸ¤£ğŸ¤£ğŸ¤£ğŸ¤£ğŸ¤£ğŸ¤£ğŸ¤£ğŸ¤£ğŸ¤£ğŸ¤£ğŸ¤£anjay kocak cooooooğŸ¤£ğŸ¤£ğŸ¤£ğŸ¤£ğŸ¤£ğŸ¤£ğŸ¤£ğŸ¤£,False,0.9986076058731287,0,False,0.0
194,@KhanzaKhairunnisa-c8p,"Bang jangan gitu lah pahala ai belum banyakğŸ—¿
No .5",bang jangan gitu lah pahala ai belum banyakğŸ—¿ no ,False,0.9920774447396489,0,False,0.0
195,@azimapalupi8138,Ke 5 kaya teman ku cewek,ke  kaya teman ku cewek,False,0.9961387481124214,0,False,0.0
196,@iiskomalasari294,Lucu semua ğŸ¤£ğŸ¤£ğŸ¤£ğŸ¤£ğŸ¤£ğŸ¤£ğŸ¤£ğŸ¤£ğŸ¤£ğŸ¤£ğŸ¤£ğŸ¤£ğŸ¤£ğŸ¤£ğŸ¤£ğŸ¤£ğŸ¤£ğŸ¤£ğŸ¤£ğŸ¤£ğŸ¤£ğŸ¤£ğŸ¤£ğŸ¤£ğŸ¤£ğŸ¤£ğŸ¤£ğŸ¤£ğŸ¤£ğŸ¤£ğŸ¤£ğŸ¤£ğŸ¤£ğŸ¤£ğŸ¤£ğŸ¤£ğŸ¤£ğŸ¤£ğŸ¤£ğŸ¤£ğŸ¤£,lucu semua ğŸ¤£ğŸ¤£ğŸ¤£ğŸ¤£ğŸ¤£ğŸ¤£ğŸ¤£ğŸ¤£ğŸ¤£ğŸ¤£ğŸ¤£ğŸ¤£ğŸ¤£ğŸ¤£ğŸ¤£ğŸ¤£ğŸ¤£ğŸ¤£ğŸ¤£ğŸ¤£ğŸ¤£ğŸ¤£ğŸ¤£ğŸ¤£ğŸ¤£ğŸ¤£ğŸ¤£ğŸ¤£ğŸ¤£ğŸ¤£ğŸ¤£ğŸ¤£ğŸ¤£ğŸ¤£ğŸ¤£ğŸ¤£ğŸ¤£ğŸ¤£ğŸ¤£ğŸ¤£ğŸ¤£,False,0.9984176137887129,0,False,0.0
197,@ahniecchuar9357,ğŸ˜‚ğŸ˜‚ğŸ˜‚ğŸ˜‚,ğŸ˜‚ğŸ˜‚ğŸ˜‚ğŸ˜‚,False,0.990049751243781,0,False,0.0
198,@Gojo-5v,Perempuan banyak muda lah ğŸ—¿,perempuan banyak muda lah ğŸ—¿,False,0.9989017145301811,0,False,0.0
199,@SugengRianto-z6w,Di blakang kayak pocong wedon,di blakang kayak pocong wedon,False,0.9925410032288747,0,False,0.0
200,@dedesusanti-rv3qe,yg pertama itu galyasğŸ˜‚,yg pertama itu galyasğŸ˜‚,False,0.9998823137224239,0,False,0.0
201,@Syaa_281,Day 1 nyanyi sesuai yg ad di pikiran  ğŸ—¿,day  nyanyi sesuai yg ad di pikiran ğŸ—¿,False,0.9908798596159347,0,False,0.0
202,@NiswatulHusna-y9b,ğŸ˜‚ğŸ˜‚ğŸ˜‚ğŸ˜‚ğŸ˜‚ğŸ˜‚ğŸ˜‚ğŸ˜‚ğŸ˜‚ğŸ˜‚ğŸ˜‚ğŸ˜‚ğŸ˜‚ğŸ˜‚ğŸ˜‚ğŸ˜‚ğŸ˜‚ğŸ¤£ğŸ¤£ğŸ¤£ğŸ¤£ğŸ¤£ğŸ¤£ğŸ¤£ğŸ¤£ğŸ¤£ğŸ¤£ğŸ¤£ğŸ¤£ğŸ¤£ğŸ¤£ğŸ¤£ğŸ¤£ğŸ¤£ğŸ¤£ğŸ¤­ğŸ¤­ğŸ¤­ğŸ¤­ğŸ¤­ğŸ¤­ğŸ¤£,ğŸ˜‚ğŸ˜‚ğŸ˜‚ğŸ˜‚ğŸ˜‚ğŸ˜‚ğŸ˜‚ğŸ˜‚ğŸ˜‚ğŸ˜‚ğŸ˜‚ğŸ˜‚ğŸ˜‚ğŸ˜‚ğŸ˜‚ğŸ˜‚ğŸ˜‚ğŸ¤£ğŸ¤£ğŸ¤£ğŸ¤£ğŸ¤£ğŸ¤£ğŸ¤£ğŸ¤£ğŸ¤£ğŸ¤£ğŸ¤£ğŸ¤£ğŸ¤£ğŸ¤£ğŸ¤£ğŸ¤£ğŸ¤£ğŸ¤£ğŸ¤­ğŸ¤­ğŸ¤­ğŸ¤­ğŸ¤­ğŸ¤­ğŸ¤£,False,0.990049751243781,0,False,0.0
203,@Nisa-l6v,ğŸ˜‚ğŸ˜…ğŸ¤£,ğŸ˜‚ğŸ˜…ğŸ¤£,False,0.990049751243781,0,False,0.0
204,@Brendabray-o8o,ğŸ˜…ğŸ˜‚ yang lawak yang jang mandi,ğŸ˜…ğŸ˜‚ yang lawak yang jang mandi,False,0.9957650173158119,0,False,0.0
205,@jangkek-profitpasti,"WD di AGEN878 cepat banget, gak ribet sama sekali",wd di agen cepat banget gak ribet sama sekali,False,0.9872757945891097,0,False,0.0
206,@DWIANGGRAENI-v2b,WkwkwkwkğŸ˜‚ğŸ¤£,wkwkwkwkğŸ˜‚ğŸ¤£,False,0.9961698708038503,0,False,0.0
207,@Ayugusti-b2d,Apalah,apalah,False,0.990049751243781,0,False,0.0
208,@husainibaminpers7236,Qu'est ce que c'est,quest ce que cest,False,0.9849413486800433,0,False,0.0
209,@LubnaUna-z1v,Salfok yg pertama yg nanya ka gege,salfok yg pertama yg nanya ka gege,False,0.9961987488042943,0,False,0.0
210,@Ica_love-night,Prempuan kaya kudağŸ—¿,prempuan kaya kudağŸ—¿,False,0.9987920831610806,0,False,0.0
211,@zayyanjer,"Lagu yg gw cipta FR FR FR

pagi ku cerah ku matahari di barat
Ternyata sudah kiamat
Aku belum bertaubat

ğŸ’¯ğŸ’¯ğŸ’¯ğŸ’¥ğŸ’¥ğŸ’¥ğŸ”¥ğŸ”¥ğŸ”¥ğŸ¤¡ğŸ¤¡ğŸ¤¡",lagu yg gw cipta fr fr fr pagi ku cerah ku matahari di barat ternyata sudah kiamat aku belum bertaubat ğŸ’¯ğŸ’¯ğŸ’¯ğŸ’¥ğŸ’¥ğŸ’¥ğŸ”¥ğŸ”¥ğŸ”¥ğŸ¤¡ğŸ¤¡ğŸ¤¡,False,0.9951909652722378,0,False,0.0
212,@azylatif7179,Orang nya be like : woii bangunnn matahari udh di barattğŸ‘ï¸ğŸ‘„ğŸ‘ï¸,orang nya be like woii bangunnn matahari udh di barattğŸ‘ï¸ğŸ‘„ğŸ‘ï¸,False,0.9931243574887355,0,False,0.0
213,@indripaujiah-um9os,ğŸ˜­ğŸ˜­ğŸ˜­,ğŸ˜­ğŸ˜­ğŸ˜­,False,0.990049751243781,0,False,0.0
214,@GloriaqueenzhyTewu,ğŸ˜‚ğŸ˜‚ğŸ˜‚ğŸ˜‚,ğŸ˜‚ğŸ˜‚ğŸ˜‚ğŸ˜‚,False,0.990049751243781,0,False,0.0
215,@ElfanPramudya,Matahari di barat gak tuğŸ—¿ğŸ—¿ğŸ—¿ğŸ—¿ğŸ—¿ğŸ—¿,matahari di barat gak tuğŸ—¿ğŸ—¿ğŸ—¿ğŸ—¿ğŸ—¿ğŸ—¿,False,0.9995484537541313,0,False,0.0
216,@dianasukma9107,ğŸ˜‚ğŸ˜‚ğŸ˜‚ğŸ˜‚,ğŸ˜‚ğŸ˜‚ğŸ˜‚ğŸ˜‚,False,0.990049751243781,0,False,0.0
217,@ViviMarlen,ğŸ˜ğŸ˜ğŸ˜ğŸ˜,ğŸ˜ğŸ˜ğŸ˜ğŸ˜,False,0.990049751243781,0,False,0.0
218,@aisayoong,Padahal sering lewat tapi tetep aja lucu ğŸ˜­ğŸ˜­ğŸ˜­,padahal sering lewat tapi tetep aja lucu ğŸ˜­ğŸ˜­ğŸ˜­,False,0.9909548896458974,0,False,0.0
219,@DewiDewi-u2g,ğŸ˜‚ğŸ˜‚ğŸ˜‚ğŸ˜‚,ğŸ˜‚ğŸ˜‚ğŸ˜‚ğŸ˜‚,False,0.990049751243781,0,False,0.0
220,@cantikkali-bang,Perempuan kaya kudağŸ˜‚ğŸ˜‚ğŸ˜‚ğŸ˜‚ğŸ˜‚,perempuan kaya kudağŸ˜‚ğŸ˜‚ğŸ˜‚ğŸ˜‚ğŸ˜‚,False,0.9996908151891982,0,False,0.0
221,@kristaindah5874,not funny blass,not funny blass,False,0.9928210345903802,0,False,-0.125
222,@MuhammadFirman-mr8gi,"Matahari di BARAT,Gelap banget cok,KIAMAT",matahari di baratgelap banget cokkiamat,False,0.9975332546245446,0,False,0.0
223,@telgialfin,Yg pertama ko jiji bnget yağŸ˜…ğŸ˜…,yg pertama ko jiji bnget yağŸ˜…ğŸ˜…,False,0.9973162804728958,0,False,0.0
224,@kia-w3u,"Ku ulang"" terus loh",ku ulang terus loh,False,0.9949139287348813,0,False,0.0
225,@Zee_one9k,"""Muahhh""ğŸ—¿ğŸ˜‹ğŸ’”",muahhhğŸ—¿ğŸ˜‹ğŸ’”,False,0.9949087109602898,0,False,0.0
226,@PuspaElisa,"Top 5 sambung lagu lirik lucu
1.matahari di barat
2.kehilangan ginjal ku
3.perempuan kaya kuda
4.dirundung wibu
5.jangan nangis",top  sambung lagu lirik lucu matahari di barat kehilangan ginjal ku perempuan kaya kuda dirundung wibu jangan nangis,False,0.9996036268571525,0,False,0.5
227,@NadiaAulia-h5z,the real mengejek kasta perempuan ğŸ˜­ğŸ˜­ğŸ˜­,the real mengejek kasta perempuan ğŸ˜­ğŸ˜­ğŸ˜­,False,0.9940983479329621,0,False,0.2
228,@PaitoFarel,Memang cowok susa ditebak kalo obat nya habisğŸ¤£ğŸ¤£ğŸ¤£ğŸ¤£ğŸ¤£ğŸ¤£,memang cowok susa ditebak kalo obat nya habisğŸ¤£ğŸ¤£ğŸ¤£ğŸ¤£ğŸ¤£ğŸ¤£,False,0.9782428819130783,0,False,0.0
229,@SalsaAlika-qt9nh,Yang ke 1 mirip kak galyas ğŸ˜®,yang ke  mirip kak galyas ğŸ˜®,False,0.9998950497320103,0,False,0.0
230,@LaylaNafisa,Aku suka 1ğŸ˜‚ğŸ˜‚ğŸ˜‚ğŸ˜‚ğŸ˜‚ğŸ˜‚ğŸ˜‚ğŸ˜‚ğŸ˜‚ğŸ˜‚ğŸ˜‚ğŸ˜‚ğŸ˜‚ğŸ˜‚semowahğŸ˜‚ğŸ˜‚ğŸ˜‚ğŸ˜‚ğŸ˜‚ğŸ˜‚,aku suka ğŸ˜‚ğŸ˜‚ğŸ˜‚ğŸ˜‚ğŸ˜‚ğŸ˜‚ğŸ˜‚ğŸ˜‚ğŸ˜‚ğŸ˜‚ğŸ˜‚ğŸ˜‚ğŸ˜‚ğŸ˜‚semowahğŸ˜‚ğŸ˜‚ğŸ˜‚ğŸ˜‚ğŸ˜‚ğŸ˜‚,False,0.9972417352551383,0,False,0.0
231,@nicoyolandha,"""Iiini hiduuup, wanita si kupu-kupu""",iiini hiduuup wanita si kupukupu,False,0.9787593689099786,0,False,0.0
232,@tyasss55,Nomor 1 lagunya nostalgiağŸ˜¢,nomor  lagunya nostalgiağŸ˜¢,False,0.996000592258141,0,False,0.0
233,@Nafisa05IN,No 5. Jangan main main loooğŸ˜‘ğŸ˜‘ğŸ˜‘,no  jangan main main loooğŸ˜‘ğŸ˜‘ğŸ˜‘,False,0.9952589410222914,0,False,0.16666666666666666
234,@HANAGACHA_A,"Yang no 3 lucuğŸ˜‚ğŸ˜‚

Edit : makasih 300 like nyağŸ˜ŠğŸ™",yang no  lucuğŸ˜‚ğŸ˜‚ edit makasih  like nyağŸ˜ŠğŸ™,False,0.9955216627475543,0,False,0.0
235,@alifiafarkhanatunnimah4325,Pls agak laen,pls agak laen,False,0.9924838742795645,0,False,0.0
236,@sitifasihahofficial9,Suka yang ke 4 dan ke 5,suka yang ke  dan ke ,False,0.9988874751304108,0,False,0.0
237,@fitriaulia778,Ap salaku apasala iBU ku hidupku...DirunDungWiBU,ap salaku apasala ibu ku hidupkudirundungwibu,False,0.9884403717858511,0,False,0.0
238,@IrwanIrwansyah-k3q,Gua wibu,gua wibu,False,0.9972829931974284,0,False,0.0
239,@fitriaulia778,ğŸ¤£ğŸ¤£ğŸ¤£ğŸ¤£,ğŸ¤£ğŸ¤£ğŸ¤£ğŸ¤£,False,0.990049751243781,0,False,0.0
240,@fitriaulia778,wibu cuy,wibu cuy,False,0.9955014269623543,0,False,0.0
241,@Emisriwahyuni-gw8kj,Kiamat dong,kiamat dong,False,0.9984212541119434,0,False,0.0
242,@FloMitha-du2wl,Itu galyas gk sih?,itu galyas gk sih,False,0.9994516573087806,0,False,0.0
243,@LisnaAqila,ğŸ˜‚ğŸ˜‚ğŸ˜‚ğŸ˜‚ğŸ˜‚ğŸ˜‚ğŸ˜‚ğŸ˜‚,ğŸ˜‚ğŸ˜‚ğŸ˜‚ğŸ˜‚ğŸ˜‚ğŸ˜‚ğŸ˜‚ğŸ˜‚,False,0.990049751243781,0,False,0.0
244,@PangeranElang-t6g,HahahahahhahahahahhahahahahahahahahhaahhahahahahahahahhahahahahhahahahahahhahahaahhahahahahahhahahahahahahabbabahahahahabhahahahahahhahahahahahhahağŸ˜‚ğŸ˜‚ğŸ˜‚ğŸ˜‚ğŸ˜‚ğŸ˜‚ğŸ˜‚ğŸ˜‚ğŸ˜‚ğŸ˜‚ğŸ˜‚ğŸ˜‚ğŸ˜‚ğŸ˜‚ğŸ˜‚ğŸ˜‚ğŸ˜‚,hahahahahhahahahahhahahahahahahahahhaahhahahahahahahahhahahahahhahahahahahhahahaahhahahahahahhahahahahahahabbabahahahahabhahahahahahhahahahahahhahağŸ˜‚ğŸ˜‚ğŸ˜‚ğŸ˜‚ğŸ˜‚ğŸ˜‚ğŸ˜‚ğŸ˜‚ğŸ˜‚ğŸ˜‚ğŸ˜‚ğŸ˜‚ğŸ˜‚ğŸ˜‚ğŸ˜‚ğŸ˜‚ğŸ˜‚,False,0.9949087109602898,0,False,0.0
245,@JumaRiani-xy7jh,Yang 5 kalau terjadi betulan auto mat# semau 1sama 5 favorit,yang  kalau terjadi betulan auto mat semau sama  favorit,False,0.9981192272907573,0,False,0.0
246,@Sensei-c8k,Pagi ku cerah ku matahari di barat ku gendong tas merah ku bersiap ğŸ—¿,pagi ku cerah ku matahari di barat ku gendong tas merah ku bersiap ğŸ—¿,False,0.9989578724916933,0,False,0.0
247,@avrvideo8805,Ayam susanti perempuan kaya kuda ğŸ˜‚ğŸ˜‚ğŸ˜‚ğŸ˜‚ğŸ˜‚ğŸ˜‚,ayam susanti perempuan kaya kuda ğŸ˜‚ğŸ˜‚ğŸ˜‚ğŸ˜‚ğŸ˜‚ğŸ˜‚,False,0.9993829645594727,0,False,0.0
248,@angellaherniyati7486,Pin pliss,pin pliss,False,0.9928210345903802,0,False,0.0
249,@Unknown-u3l4g,Yang kedua dapet kecupan manja,yang kedua dapet kecupan manja,False,0.9914391828393201,0,False,0.0
250,@AleshaNahda-y7h,Mirip wali kelas ku pak agung,mirip wali kelas ku pak agung,False,0.9864661776953711,0,False,0.0
251,@rendipakih7835,"Bagi kuu 
1.aya susanti 
2 jangan nagis
3 matahari di barat 

4.kehilangan ginjal ku
5, di rmdung ibuğŸ˜Š





Tapi yang paling kocak sampe aku ulang adalah no 1,2,3 sih yang samnsini ngumnpull",bagi kuu aya susanti  jangan nagis  matahari di barat kehilangan ginjal ku  di rmdung ibuğŸ˜Š tapi yang paling kocak sampe aku ulang adalah no  sih yang samnsini ngumnpull,False,0.9908772725432445,0,False,0.0
252,@EmpatFatimah-ll9in,Akhirnya bisa tidur nyenyakğŸ˜­ğŸ—¿ğŸ—¿ğŸ˜­ğŸ˜­ğŸ˜­ğŸ˜­ğŸ˜­ğŸ˜­ğŸ—¿ğŸ—¿ğŸ—¿,akhirnya bisa tidur nyenyakğŸ˜­ğŸ—¿ğŸ—¿ğŸ˜­ğŸ˜­ğŸ˜­ğŸ˜­ğŸ˜­ğŸ˜­ğŸ—¿ğŸ—¿ğŸ—¿,False,0.9898138062827609,0,False,0.0
253,@AstriPitriani-s3y,gokill ini mah  ğƒğğ€ğ’ğ‹ğğ“,gokill ini mah ğƒğğ€ğ’ğ‹ğğ“,False,0.9933346092363541,0,False,0.0
254,@sazkiameliana9185,Perempuan kaya kudağŸ˜‚ğŸ˜‚ğŸ˜…,perempuan kaya kudağŸ˜‚ğŸ˜‚ğŸ˜…,False,0.9996908151891982,0,False,0.0
255,@AninditaNur-m8w,Lucu banget aku nonton nya diulang-ulangğŸ¤£ğŸ¤£ğŸ¤£ğŸ¤£,lucu banget aku nonton nya diulangulangğŸ¤£ğŸ¤£ğŸ¤£ğŸ¤£,False,0.998500831548231,0,False,0.0
256,@NadiaWati-e3n,Ngakakak ğŸ˜­ğŸ˜­ğŸ˜­ğŸ˜­,ngakakak ğŸ˜­ğŸ˜­ğŸ˜­ğŸ˜­,False,0.9949087109602898,0,False,0.0
257,@Susanto-f7w,Yang pertamağŸ˜­ğŸ¤£,yang pertamağŸ˜­ğŸ¤£,False,0.9998325017290991,0,False,0.0
258,@SaviraSavira-cm6ff,Galyas Cok sadar gag sih,galyas cok sadar gag sih,False,0.9937607325288079,0,False,0.0
259,@nheisyaazalia4391,singkat padat matahari di barat ğŸ˜,singkat padat matahari di barat ğŸ˜,False,0.9985921553507071,0,False,0.0
260,@Tsygokgokgyok,No 5 gelapğŸ—¿,no  gelapğŸ—¿,False,0.9981958907868023,0,False,0.0
261,@User-frezy,LoLL,loll,False,0.990049751243781,0,False,0.0
262,@wannyzulita1287,Mirip galyas  coy cewek nya yg pertama,mirip galyas coy cewek nya yg pertama,False,0.9993081585879339,0,False,0.0
263,@JuniatiAini-b7r,Cowo susah di tebak ğŸ¤–,cowo susah di tebak ğŸ¤–,False,0.9992963431736367,0,False,0.0
264,@RenoWibowo-zh4zv,Pada kenapa sihh ğŸ˜‚ğŸ˜‚,pada kenapa sihh ğŸ˜‚ğŸ˜‚,False,0.9895240079661629,0,False,0.0
265,@gunturguntur8859,"Yg pertama itu galyas gasihhh
Dan ke tiga artis",yg pertama itu galyas gasihhh dan ke tiga artis,False,0.9996924149714546,0,False,0.0
266,@xyshfii,jangan nangisğŸ˜­ğŸ˜­,jangan nangisğŸ˜­ğŸ˜­,False,0.9991281255507032,0,False,0.0
267,@TahuTukang,"1. perempuan kaya kuda 
2.kehilangan ginja ku
3.janggan nangis 
4.dirundung wibu
5.matahari di barat", perempuan kaya kuda kehilangan ginja ku janggan nangis dirundung wibu matahari di barat,False,0.9992335758697599,0,False,0.0
268,@minji8550,Mas itu mah kiamat mas ğŸ˜°,mas itu mah kiamat mas ğŸ˜°,False,0.9973187299451147,0,False,0.0
269,@FathanFathir-n8m4c,PeREmPuAn kAyA KuDA,perempuan kaya kuda,False,0.9996908151891982,0,False,0.0
270,@vivianachintya4325,"Singkat,padat,di barat ğŸ˜‚",singkatpadatdi barat ğŸ˜‚,False,0.9964456790873417,0,False,0.0
271,@susianawati9230,Aku Hilda ğŸ˜Š,aku hilda ğŸ˜Š,False,0.9988805587772535,0,False,0.0
272,@HUSNULAMIRULBINASROLMoe,"nombor 4 paling lawak
hahaha",nombor  paling lawak hahaha,False,0.9970670954376888,0,False,0.2
273,@WINDAHAMIDAHHAMIDAH,ğŸ˜‚ğŸ˜‚ğŸ˜‚ğŸ˜‚ngakkak skit perut,ğŸ˜‚ğŸ˜‚ğŸ˜‚ğŸ˜‚ngakkak skit perut,False,0.9895240079661629,0,False,0.0
274,@muhammadirhaby5800,Yang pertama lucu banget,yang pertama lucu banget,False,0.9998907528344595,0,False,0.0
275,@ayudewe1067,Elu maunya kiamat apa gimana ğŸ˜‚,elu maunya kiamat apa gimana ğŸ˜‚,False,0.9954837895921013,0,False,0.0
276,@andrypriyana80,Emang bener perempuan kaya kuda?,emang bener perempuan kaya kuda,False,0.9995926324296849,0,False,0.0
277,@Nay-ws8jz,Kehilangan ginjal kuğŸ˜‚ğŸ˜‚,kehilangan ginjal kuğŸ˜‚ğŸ˜‚,False,0.9974526287521284,0,False,0.0
278,@lolaarmandlolaarmand1637,Perempuan banyak kuda,perempuan banyak kuda,False,0.9987758332547151,0,False,0.0
279,@fauziah6575,Di ulang ulang tetep ngakak banget yang terakhir ğŸ˜‚,di ulang ulang tetep ngakak banget yang terakhir ğŸ˜‚,False,0.9994199973528447,0,False,0.0
280,@mawarmelati4137,Hahaha ğŸ˜‚,hahaha ğŸ˜‚,False,0.9973266529876077,0,False,0.2
281,@ahmadzul-gt,Perempuan kayak kuda kocak sih ğŸ˜‚,perempuan kayak kuda kocak sih ğŸ˜‚,False,0.9997268302514905,0,False,0.0
282,@dhodysagara573,Astaghfirullah BG di barat ğŸ˜­ğŸ˜­,astaghfirullah bg di barat ğŸ˜­ğŸ˜­,False,0.9977250863333549,0,False,0.0
283,@KENZOMAULANASAOGI-v2w,mana yang papa telponnnnnn papa telponnnn halo om bapakkku sudah tiada,mana yang papa telponnnnnn papa telponnnn halo om bapakkku sudah tiada,False,0.9467278513076728,0,False,0.0
284,@RisdaYanti-x1z,Pagi matahari di barat serem banget,pagi matahari di barat serem banget,False,0.9993630041844211,0,False,0.0
285,@RanaMahirah-y8z,Pertama kak galyas ketiga kak avolia,pertama kak galyas ketiga kak avolia,False,0.9987765703730842,0,False,0.0
286,@MarikGliven-x5g,ğŸ˜‚ğŸ˜‚ğŸ˜‚ğŸ˜‚,ğŸ˜‚ğŸ˜‚ğŸ˜‚ğŸ˜‚,False,0.990049751243781,0,False,0.0
287,@EkoSetiawan-xf4cc,Ngakak perempuan kaya kuda wkwkwkw ğŸ˜­ğŸ¤©,ngakak perempuan kaya kuda wkwkwkw ğŸ˜­ğŸ¤©,False,0.9993522201975898,0,False,0.0
288,@KeyraadresiaPutri,KudağŸ˜‚?,kudağŸ˜‚,False,0.9987207515659611,0,False,0.0
289,@c.d.tchanel3924,Yg pertama itu kak galyes ya ğŸ˜ŠğŸ˜ŠğŸ˜Š,yg pertama itu kak galyes ya ğŸ˜ŠğŸ˜ŠğŸ˜Š,False,0.9996378112729389,0,False,0.0
290,@jennyrahma5297,GoblokğŸ˜‚ğŸ˜‚ğŸ˜‚ğŸ˜‚,goblokğŸ˜‚ğŸ˜‚ğŸ˜‚ğŸ˜‚,False,0.9949087109602898,0,False,0.0
291,@yessiregar-vj3od,Agak lain memangnya bah matahari pagiku cerahku dibilangnya matahari BaratğŸ˜‚ğŸ˜‚ğŸ˜‚ğŸ˜‚ğŸ˜‚ğŸ˜‚,agak lain memangnya bah matahari pagiku cerahku dibilangnya matahari baratğŸ˜‚ğŸ˜‚ğŸ˜‚ğŸ˜‚ğŸ˜‚ğŸ˜‚,False,0.9805640940177804,0,False,0.0
292,@najwaazzhrasnt,the real cowo susah di tebak ğŸ˜­ğŸ—¿,the real cowo susah di tebak ğŸ˜­ğŸ—¿,False,0.9993340027442383,0,False,0.2
293,@mradha3784,Perempuan kaya kuda asli lucu banget ğŸ˜‚,perempuan kaya kuda asli lucu banget ğŸ˜‚,False,0.999743678555502,0,False,0.0
294,@lintangbonita2272,Sungguh menghibur... ğŸ˜…ğŸ˜…ğŸ˜…ğŸ¤£ğŸ¤£ğŸ¤£,sungguh menghibur ğŸ˜…ğŸ˜…ğŸ˜…ğŸ¤£ğŸ¤£ğŸ¤£,False,0.9928210345903802,0,False,0.0
295,@muniffauzi5026,Nyambung banget yang no 4,nyambung banget yang no ,False,0.9976162970951561,0,False,0.0
296,@jumidadaa1105,ğŸ˜‚ğŸ˜‚ğŸ˜‚ğŸ˜‚ğŸ˜…ğŸ˜…,ğŸ˜‚ğŸ˜‚ğŸ˜‚ğŸ˜‚ğŸ˜…ğŸ˜…,False,0.990049751243781,0,False,0.0
297,@SitiZubaidah-w9p,Salah maksudnya kudağŸ˜…ğŸ˜…,salah maksudnya kudağŸ˜…ğŸ˜…,False,0.9981643542377053,0,False,0.0
298,@SitiZubaidah-w9p,Aku paling lucu haya susanti perempuan kaya kufa lucu banget njirrrğŸ˜‚ğŸ˜‚ğŸ˜‚ğŸ˜‚ğŸ˜‚,aku paling lucu haya susanti perempuan kaya kufa lucu banget njirrrğŸ˜‚ğŸ˜‚ğŸ˜‚ğŸ˜‚ğŸ˜‚,False,0.9993699261939564,0,False,0.0
299,@reyvansyahputra-x3b,"1.Perempuan kayak kudağŸ˜…ğŸ˜…ğŸ˜…ğŸ˜…

2.kehilangan ginjal kuuuğŸ˜®ğŸ˜®ğŸ˜®ğŸ˜®

3.jangan nangisğŸ˜‚ğŸ˜‚ğŸ˜‚ğŸ˜‚ğŸ˜‚

4.dirundung wibuğŸ˜‚ğŸ˜‚ğŸ˜‚ğŸ˜‚ğŸ˜‚ğŸ˜‚


5.matahari di baratğŸ˜‚ğŸ˜‚ğŸ˜‚ğŸ˜‚ğŸ˜‚",perempuan kayak kudağŸ˜…ğŸ˜…ğŸ˜…ğŸ˜… kehilangan ginjal kuuuğŸ˜®ğŸ˜®ğŸ˜®ğŸ˜® jangan nangisğŸ˜‚ğŸ˜‚ğŸ˜‚ğŸ˜‚ğŸ˜‚ dirundung wibuğŸ˜‚ğŸ˜‚ğŸ˜‚ğŸ˜‚ğŸ˜‚ğŸ˜‚ matahari di baratğŸ˜‚ğŸ˜‚ğŸ˜‚ğŸ˜‚ğŸ˜‚,False,0.9998373753159594,0,False,0.0
300,@JajatAbot,yang kedua itu lagu suster L aki ingat aku suka nonton,yang kedua itu lagu suster l aki ingat aku suka nonton,False,0.9943664149930279,0,False,0.0
301,@AlfinNaufal-i6x,Itu yang pertama kayak galiyas,itu yang pertama kayak galiyas,False,0.9993863123086086,0,False,0.0
302,@ArfinoNazril-i2f,Bukannya Matahari Di TimurğŸ¤”ğŸ¤”,bukannya matahari di timurğŸ¤”ğŸ¤”,False,0.9976998440435102,0,False,0.0
303,@Rass-147,Kalok matahari di barat kita kiamak,kalok matahari di barat kita kiamak,False,0.9971932058961585,0,False,0.0
304,@daffabtsatama7355,No 1 ada kak galyas ğŸ‰ğŸ‰,no  ada kak galyas ğŸ‰ğŸ‰,False,0.9997753906871115,0,False,0.0
305,@Dinkaaja,"""JaNgAn NaNgIsSs""ğŸ˜­ğŸ˜­ğŸ—¿",jangan nangisssğŸ˜­ğŸ˜­ğŸ—¿,False,0.9981519006672225,0,False,0.0
306,@Syakiladungdung-k8j,_-perempuan kayak kuda...-_,perempuan kayak kuda,False,0.9998870575173757,0,False,0.0
307,@VirnyAndini-f1i,Yang pertama muka nya yang perempuan mirip kak galyas,yang pertama muka nya yang perempuan mirip kak galyas,False,0.9998873552638589,0,False,0.0
308,@NailaSanaya,Nomer 1 sumpah ğŸ˜‚ğŸ˜‚ğŸ˜‚ğŸ˜‚ğŸ˜‚ğŸ˜‚ğŸ˜‚ğŸ˜‚ğŸ˜‚ğŸ˜‚ğŸ˜‚ğŸ˜‚ğŸ˜‚ğŸ˜‚ğŸ˜‚ğŸ˜‚ğŸ˜‚ğŸ˜‚ğŸ˜‚ğŸ˜‚ğŸ˜‚ğŸ˜‚ğŸ˜‚ğŸ˜‚ğŸ˜‚ğŸ˜‚ğŸ˜‚ğŸ˜‚ğŸ˜‚ğŸ˜‚ğŸ˜‚ğŸ˜‚ğŸ˜‚ğŸ˜‚,nomer  sumpah ğŸ˜‚ğŸ˜‚ğŸ˜‚ğŸ˜‚ğŸ˜‚ğŸ˜‚ğŸ˜‚ğŸ˜‚ğŸ˜‚ğŸ˜‚ğŸ˜‚ğŸ˜‚ğŸ˜‚ğŸ˜‚ğŸ˜‚ğŸ˜‚ğŸ˜‚ğŸ˜‚ğŸ˜‚ğŸ˜‚ğŸ˜‚ğŸ˜‚ğŸ˜‚ğŸ˜‚ğŸ˜‚ğŸ˜‚ğŸ˜‚ğŸ˜‚ğŸ˜‚ğŸ˜‚ğŸ˜‚ğŸ˜‚ğŸ˜‚ğŸ˜‚,False,0.9946126201683544,0,False,0.0
309,@Koaci229,matahari di barat ğŸ’€â˜ ï¸ singkat padat kiamatğŸ—¿,matahari di barat ğŸ’€â˜ ï¸ singkat padat kiamatğŸ—¿,False,0.9986983582097938,0,False,0.0
310,@khalidabror5302,Di pim dong,di pim dong,False,0.9971547732780631,0,False,0.0
311,@dolphinsthamand6585,Yg trakhir orang lg banyak beban di suruh nyanyi : jadi lah matahari terbit dari barat ğŸ˜‚,yg trakhir orang lg banyak beban di suruh nyanyi jadi lah matahari terbit dari barat ğŸ˜‚,False,0.9995005202118634,0,False,0.0
312,@fahrirevanza,ğŸ˜‚ğŸ˜‚ğŸ˜‚ğŸ˜‚ğŸ˜‚,ğŸ˜‚ğŸ˜‚ğŸ˜‚ğŸ˜‚ğŸ˜‚,False,0.990049751243781,0,False,0.0
313,@UmmiKulsum-e5p,Berarti kiamat ğŸ˜‚,berarti kiamat ğŸ˜‚,False,0.9980079161048633,0,False,0.0
314,@putraperkasa0059,Bangke semua lu... wkwkwkwk,bangke semua lu wkwkwkwk,False,0.9936919653785644,0,False,0.0
315,@DelisaTiyasashila,ğŸ˜‚ğŸ˜‚ğŸ˜‚ğŸ˜‚ğŸ˜‚ğŸ˜‚ğŸ˜‚ğŸ˜‚ğŸ˜‚ğŸ˜‚ğŸ˜‚ğŸ˜‚ğŸ˜‚ğŸ˜‚ğŸ˜‚ğŸ˜‚ğŸ˜‚ğŸ˜‚ğŸ˜‚ğŸ˜‚ğŸ˜‚ğŸ˜‚ğŸ˜‚ğŸ˜‚ğŸ˜‚ğŸ˜‚ğŸ˜‚ğŸ˜‚,ğŸ˜‚ğŸ˜‚ğŸ˜‚ğŸ˜‚ğŸ˜‚ğŸ˜‚ğŸ˜‚ğŸ˜‚ğŸ˜‚ğŸ˜‚ğŸ˜‚ğŸ˜‚ğŸ˜‚ğŸ˜‚ğŸ˜‚ğŸ˜‚ğŸ˜‚ğŸ˜‚ğŸ˜‚ğŸ˜‚ğŸ˜‚ğŸ˜‚ğŸ˜‚ğŸ˜‚ğŸ˜‚ğŸ˜‚ğŸ˜‚ğŸ˜‚,False,0.990049751243781,0,False,0.0
316,@AbiManyu-o1z,Ngakak sampe gak bisa batukğŸ˜‚ğŸ˜‚ğŸ˜‚ğŸ˜‚,ngakak sampe gak bisa batukğŸ˜‚ğŸ˜‚ğŸ˜‚ğŸ˜‚,False,0.9987925618308602,0,False,0.0
317,@MarshallRiwa,Terakhir gelap anjirrrrğŸ—¿,terakhir gelap anjirrrrğŸ—¿,False,0.9975604608927527,0,False,0.0
318,@CilukBa-y6q,Jangan nangis ğŸ˜‚ğŸ˜‚ğŸ˜‚ğŸ˜‚ğŸ˜‚ğŸ˜‚ğŸ˜‚ğŸ˜‚ğŸ˜‚ğŸ˜‚ğŸ˜‚ğŸ˜‚ğŸ˜‚ğŸ˜‚ğŸ˜‚ğŸ˜‚ğŸ˜‚ğŸ˜‚ğŸ˜‚ğŸ˜‚ğŸ˜‚ğŸ˜‚ğŸ˜‚,jangan nangis ğŸ˜‚ğŸ˜‚ğŸ˜‚ğŸ˜‚ğŸ˜‚ğŸ˜‚ğŸ˜‚ğŸ˜‚ğŸ˜‚ğŸ˜‚ğŸ˜‚ğŸ˜‚ğŸ˜‚ğŸ˜‚ğŸ˜‚ğŸ˜‚ğŸ˜‚ğŸ˜‚ğŸ˜‚ğŸ˜‚ğŸ˜‚ğŸ˜‚ğŸ˜‚,False,0.9991281255507032,0,False,0.0
319,@CilukBa-y6q,Jangan nangis ğŸ˜‚ğŸ˜‚ğŸ˜‚ğŸ˜‚ğŸ˜‚ğŸ˜‚ğŸ˜‚ğŸ˜‚ğŸ˜‚ğŸ˜‚ğŸ˜‚ğŸ˜‚ğŸ˜‚ğŸ˜‚ğŸ˜‚ğŸ˜‚ğŸ˜‚ğŸ˜‚ğŸ˜‚ğŸ˜‚ğŸ˜‚ğŸ˜‚ğŸ˜‚,jangan nangis ğŸ˜‚ğŸ˜‚ğŸ˜‚ğŸ˜‚ğŸ˜‚ğŸ˜‚ğŸ˜‚ğŸ˜‚ğŸ˜‚ğŸ˜‚ğŸ˜‚ğŸ˜‚ğŸ˜‚ğŸ˜‚ğŸ˜‚ğŸ˜‚ğŸ˜‚ğŸ˜‚ğŸ˜‚ğŸ˜‚ğŸ˜‚ğŸ˜‚ğŸ˜‚,False,0.9991281255507032,0,False,0.0
320,@SatsatSatsat-u4n,Yang aku denger ahzazusanti,yang aku denger ahzazusanti,False,0.9969347083119372,0,False,0.0
321,@Rohman123-l1y,ğŸ¤£ğŸ¤£ğŸ¤£ğŸ¤£,ğŸ¤£ğŸ¤£ğŸ¤£ğŸ¤£,False,0.990049751243781,0,False,0.0
322,@rizqiano9063,Gue malah no 3 yamg bikin ngakakğŸ˜‚ğŸ˜‚,gue malah no  yamg bikin ngakakğŸ˜‚ğŸ˜‚,False,0.99756967875065,0,False,0.0
323,@motoholix,No 2 sih plng kocakğŸ˜‚,no  sih plng kocakğŸ˜‚,False,0.9961800068433367,0,False,0.0
324,@marcellamaharani1879,pecah banget pass dirundung wibu ğŸ˜‚,pecah banget pass dirundung wibu ğŸ˜‚,False,0.9946296322115309,0,False,0.0
325,@muhammadidan9819,ğŸ˜‚lucu haha,ğŸ˜‚lucu haha,False,0.9986057560536813,0,False,0.2
326,@fingkannusonu63,Gak kuattğŸ˜­ğŸ˜­ğŸ¤ğŸ¼ğŸ¤ğŸ¼ğŸ¤ğŸ¼,gak kuattğŸ˜­ğŸ˜­ğŸ¤ğŸ¼ğŸ¤ğŸ¼ğŸ¤ğŸ¼,False,0.996962773658473,0,False,0.0
327,@belsloveee,Garing,garing,False,0.9949087109602898,0,False,0.0
328,@AlkhalifiAbidHaryadi,ğŸ˜‚ğŸ˜‚ğŸ˜‚ğŸ˜‚ğŸ˜‚,ğŸ˜‚ğŸ˜‚ğŸ˜‚ğŸ˜‚ğŸ˜‚,False,0.990049751243781,0,False,0.0
329,@BayuFebriyanto-m7c,ğŸ˜†ğŸ˜†ğŸ˜†ğŸ˜†ğŸ˜†,ğŸ˜†ğŸ˜†ğŸ˜†ğŸ˜†ğŸ˜†,False,0.990049751243781,0,False,0.0
330,@NelaSimarmata-e5s,"Bagi ku prediksi skor 
1 perempuan kaya kuda 
2 matahari di barat 
3 kehilangan ginjal ku 
4 dirundung wibu 
5 jangan nangis 
5",bagi ku prediksi skor  perempuan kaya kuda  matahari di barat  kehilangan ginjal ku  dirundung wibu  jangan nangis ,False,0.908041573615537,1,False,0.0
331,@smoot_heart4385,"Ngepeeettt luhh pada..
Ngakak gakudah udah neh gw...
ğŸ¤£ğŸ¤£ğŸ¤£ğŸ¤£",ngepeeettt luhh pada ngakak gakudah udah neh gw ğŸ¤£ğŸ¤£ğŸ¤£ğŸ¤£,False,0.9987501067637844,0,False,0.0
332,@AnisaYudha,ğŸ¤£ğŸ¤£ğŸ¤£ğŸ¤£ğŸ¤£ğŸ˜‚ğŸ¤£,ğŸ¤£ğŸ¤£ğŸ¤£ğŸ¤£ğŸ¤£ğŸ˜‚ğŸ¤£,False,0.990049751243781,0,False,0.0
333,@HamsterMonster2025,Perempuan kaya kuda ğŸ‡ğŸ‡ğŸ‡ğŸ‡ğŸ‡ğŸ‡ğŸğŸğŸğŸ˜‚ğŸ˜‚ğŸ˜‚ğŸ˜‚ğŸ˜‚ğŸ˜‚,perempuan kaya kuda ğŸ‡ğŸ‡ğŸ‡ğŸ‡ğŸ‡ğŸ‡ğŸğŸğŸğŸ˜‚ğŸ˜‚ğŸ˜‚ğŸ˜‚ğŸ˜‚ğŸ˜‚,False,0.9996908151891982,0,False,0.0
334,@HondaSkupi,kiamat donk!!!,kiamat donk,False,0.9984475003472739,0,False,0.0
335,@andhoy8621,Matahari di baratğŸ˜‚ğŸ˜‚ğŸ˜‚ kiamat bang,matahari di baratğŸ˜‚ğŸ˜‚ğŸ˜‚ kiamat bang,False,0.9998089919793801,0,False,0.0
336,@Clara69460,ğŸ˜‚ğŸ˜‚,ğŸ˜‚ğŸ˜‚,False,0.990049751243781,0,False,0.0
337,@fatihseptian6104,Yang terakhir agak gelap coy....,yang terakhir agak gelap coy,False,0.998068078628514,0,False,0.0
338,@vans24434,"makanya kalo orng lgi ngintip tu jangan di ganggu, ini malah di ajak nyanyi, nyleneh sekali jadinya ğŸ˜­ğŸ˜­ğŸ˜­ğŸ˜­",makanya kalo orng lgi ngintip tu jangan di ganggu ini malah di ajak nyanyi nyleneh sekali jadinya ğŸ˜­ğŸ˜­ğŸ˜­ğŸ˜­,False,0.9467483716948175,0,False,0.0
339,@djiwaindahraidalhadi7261,Ampe nangis gw ngakak,ampe nangis gw ngakak,False,0.9982122308626348,0,False,0.0
340,@noermohamad5260,No 5...dia pgn cpt kiamatğŸ˜‚ğŸ˜‚,no dia pgn cpt kiamatğŸ˜‚ğŸ˜‚,False,0.9926007218013203,0,False,0.0
341,@JuragantelurBoss,"Mmuaaachhh..... 
Aaaakhhh",mmuaaachhh aaaakhhh,False,0.9928210345903802,0,False,0.0
342,@jujucaby8540,ğŸ¤£ğŸ¤£ğŸ¤£,ğŸ¤£ğŸ¤£ğŸ¤£,False,0.990049751243781,0,False,0.0
343,@farrasaufarazqabachtiar831,Dengan yakinnya Abang nya bilang jangan nangisğŸ˜‚ğŸ˜‚ğŸ˜‚ğŸ˜‚,dengan yakinnya abang nya bilang jangan nangisğŸ˜‚ğŸ˜‚ğŸ˜‚ğŸ˜‚,False,0.9942097525684784,0,False,0.0
344,@TatikKrustianah,ğŸ˜‚ğŸ˜‚ğŸ˜‚ğŸ˜‚ğŸ˜‚ğŸ˜‚,ğŸ˜‚ğŸ˜‚ğŸ˜‚ğŸ˜‚ğŸ˜‚ğŸ˜‚,False,0.990049751243781,0,False,0.0
345,@mayra8232,Jangan claim itu lagu susanti ya.... Kerana itu p ramlee punya lagu tapi bukan susanti tapi cik siti indogÂ² mau ngeclaim lagu orng,jangan claim itu lagu susanti ya kerana itu p ramlee punya lagu tapi bukan susanti tapi cik siti indogÂ² mau ngeclaim lagu orng,False,0.9538252336731069,0,False,0.0
346,@JuminahAnto,Harusnya perempuan banyak muda bukan perempuan kayak kuda hahahahağŸ˜…ğŸ˜‚ dirundung ibu nggak tuh hahaha ngakak banget massa matahari di baratğŸ˜…ğŸ˜…ğŸ˜…ğŸ˜…ğŸ˜…ğŸ˜…ğŸ˜…ğŸ˜‚ğŸ˜‚ğŸ˜‚ğŸ˜‚,harusnya perempuan banyak muda bukan perempuan kayak kuda hahahahağŸ˜…ğŸ˜‚ dirundung ibu nggak tuh hahaha ngakak banget massa matahari di baratğŸ˜…ğŸ˜…ğŸ˜…ğŸ˜…ğŸ˜…ğŸ˜…ğŸ˜…ğŸ˜‚ğŸ˜‚ğŸ˜‚ğŸ˜‚,False,0.9999254093947638,0,False,0.2
347,@floralicia-h6v,2 ngakak banget, ngakak banget,False,0.999458288703415,0,False,0.0
348,@rendydjauhari6543,Definisi gk pake pikir kataÂ² apalagi yang matahari di barat wkwkwkwkwk,definisi gk pake pikir kataÂ² apalagi yang matahari di barat wkwkwkwkwk,False,0.9991424743190995,0,False,0.0
349,@Xy_laa07,Ginjal ku nggk tuhhğŸ˜…ğŸ˜…ğŸ˜…,ginjal ku nggk tuhhğŸ˜…ğŸ˜…ğŸ˜…,False,0.9935824037538951,0,False,0.0
350,@ElrafifSuseno,Yang matahari  dibarat parah  woy,yang matahari dibarat parah woy,False,0.9985229548716652,0,False,0.0
351,@Yenirafika1,Salfok banget sama dirundung wibuğŸ˜Š,salfok banget sama dirundung wibuğŸ˜Š,False,0.9972504499461837,0,False,0.0
352,@Anggun-ce5yk,Aya susanti... Prempuan banyak gaya...,aya susanti prempuan banyak gaya,False,0.9975084857242242,0,False,0.0
353,@bethannsitanggang7764,-u-,u,False,0.990049751243781,0,False,0.0
354,@atmadeva2394,ih wibuğŸ’€ğŸ’€ğŸ’€,ih wibuğŸ’€ğŸ’€ğŸ’€,False,0.9955014269623543,0,False,0.0
355,@AudriaBasuki,"Lucu banget njirrr ampe gk berhenti ketawa kampret apalagi yang:
""aPa saLahku aPa saLah iBuku"" ğŸ˜‚ğŸ˜‚ğŸ˜‚ğŸ˜‚ğŸ˜‚ğŸ˜‚ğŸ˜‚ğŸ˜‚ğŸ˜‚ğŸ˜‚ğŸ˜‚ğŸ˜‚ğŸ˜‚ğŸ˜‚ğŸ˜‚ğŸ˜‚ğŸ˜‚ğŸ˜‚ğŸ˜‚ğŸ˜‚ğŸ˜‚ğŸ˜‚ğŸ˜‚ğŸ˜‚ğŸ˜‚ğŸ˜‚ğŸ˜‚ğŸ˜‚ğŸ˜‚",lucu banget njirrr ampe gk berhenti ketawa kampret apalagi yang apa salahku apa salah ibuku ğŸ˜‚ğŸ˜‚ğŸ˜‚ğŸ˜‚ğŸ˜‚ğŸ˜‚ğŸ˜‚ğŸ˜‚ğŸ˜‚ğŸ˜‚ğŸ˜‚ğŸ˜‚ğŸ˜‚ğŸ˜‚ğŸ˜‚ğŸ˜‚ğŸ˜‚ğŸ˜‚ğŸ˜‚ğŸ˜‚ğŸ˜‚ğŸ˜‚ğŸ˜‚ğŸ˜‚ğŸ˜‚ğŸ˜‚ğŸ˜‚ğŸ˜‚ğŸ˜‚,False,0.9860082979060436,0,False,0.0
356,@sitimahmudah1377,No 1 sama 5 kocak banget,no  sama  kocak banget,False,0.9982858058601822,0,False,0.0
357,@NuriwayatiAjaa223,ğŸ˜‚ğŸ˜‚ğŸ˜‚ğŸ˜‚ğŸ˜‚ğŸ˜‚ğŸ˜‚ğŸ˜‚ğŸ˜‚,ğŸ˜‚ğŸ˜‚ğŸ˜‚ğŸ˜‚ğŸ˜‚ğŸ˜‚ğŸ˜‚ğŸ˜‚ğŸ˜‚,False,0.990049751243781,0,False,0.0
358,@annawong1995,Yg no dua aku bgtğŸ˜…ğŸ˜…ğŸ˜…,yg no dua aku bgtğŸ˜…ğŸ˜…ğŸ˜…,False,0.997932653143746,0,False,0.0
359,@NURlaeliAnawiyah,Yang telakir lucu banget sama yang dirundung wibu,yang telakir lucu banget sama yang dirundung wibu,False,0.9987817557360835,0,False,0.0
360,@imaelhaq1571,Pagi ku cerah ku matahari di barat ku gendong amal ku menuju surga ğŸ’€ğŸ’€ğŸ’€ğŸ’€ğŸ’€ğŸ’€ğŸ’€ğŸ’€ğŸ’€ğŸ’€ğŸ’€ğŸ’€ğŸ’€ğŸ’€,pagi ku cerah ku matahari di barat ku gendong amal ku menuju surga ğŸ’€ğŸ’€ğŸ’€ğŸ’€ğŸ’€ğŸ’€ğŸ’€ğŸ’€ğŸ’€ğŸ’€ğŸ’€ğŸ’€ğŸ’€ğŸ’€,False,0.9982493055450823,0,False,0.0
361,@inasetiani1893,Aya susanti= perempuan kaya kuda,aya susanti perempuan kaya kuda,False,0.9996647834437175,0,False,0.0
362,@intanamri1008,Perempuan kaya kuda ğŸğŸ˜­ğŸ˜­ğŸ˜­ğŸ˜­ğŸ˜­,perempuan kaya kuda ğŸğŸ˜­ğŸ˜­ğŸ˜­ğŸ˜­ğŸ˜­,False,0.9996908151891982,0,False,0.0
363,@kenrahina9938,Itu galyas kah,itu galyas kah,False,0.9991430513840804,0,False,0.0
364,@xyz_Sofia,Anjng bngt sumph bikin ngakak ğŸ˜­ğŸ¤£,anjng bngt sumph bikin ngakak ğŸ˜­ğŸ¤£,False,0.9944580822669872,0,False,0.0
365,@emmanuelguang5437,bukan kuna tapi muda,bukan kuna tapi muda,False,0.9946183690783308,0,False,0.0
366,@Mutsuki-z7q,Sakit perut akuğŸ¤£ğŸ¤£ğŸ¤£,sakit perut akuğŸ¤£ğŸ¤£ğŸ¤£,False,0.9966073591332665,0,False,0.0
367,@MauludinMalongi,Semoga nggak terjadiğŸ˜¢,semoga nggak terjadiğŸ˜¢,False,0.9932353666922975,0,False,0.0
368,@suhernawati8597,Video pertama kak galyas lucu banget ğŸ¤£ğŸ¤£ğŸ¤£ğŸ¤£ğŸ¤£ bentar perasaan kak galyas gak pernah bikin video itu . Itu di akun YouTube atau Tiktok bingung ğŸ˜•ğŸ˜•,video pertama kak galyas lucu banget ğŸ¤£ğŸ¤£ğŸ¤£ğŸ¤£ğŸ¤£ bentar perasaan kak galyas gak pernah bikin video itu itu di akun youtube atau tiktok bingung ğŸ˜•ğŸ˜•,False,0.9961472350631648,0,False,0.0
369,@earlisfirdayanti882,fikss ga ada bedanya sama nuaiman,fikss ga ada bedanya sama nuaiman,False,0.9951305048687292,0,False,0.0
370,@mohammadnouvalalfarel1573,aku kehilangan ayahhğŸ˜ğŸ˜,aku kehilangan ayahhğŸ˜ğŸ˜,False,0.9971917702414386,0,False,0.0
371,@ManusiaIreng-Gw,Matahari dibarat... Waduhh bg gk bahaya ta,matahari dibarat waduhh bg gk bahaya ta,False,0.9936185926325909,0,False,0.0
372,@AnipAnip-p3t,ğŸ˜‚ğŸ˜‚ğŸ˜‚ğŸ˜‚ğŸ˜‚ğŸ˜‚ğŸ˜‚,ğŸ˜‚ğŸ˜‚ğŸ˜‚ğŸ˜‚ğŸ˜‚ğŸ˜‚ğŸ˜‚,False,0.990049751243781,0,False,0.0
373,@yeremiahutabalian1894,Penghuni jam 3 pagi ğŸ¤£ ğŸ˜­,penghuni jam  pagi ğŸ¤£ ğŸ˜­,False,0.9934988911700636,0,False,0.0
374,@zaskiaalmira8074,Perempuan kayak kuda ğŸ˜‚ğŸ˜‚ğŸ˜‚ğŸ˜‚ğŸ˜‚ğŸ˜‚,perempuan kayak kuda ğŸ˜‚ğŸ˜‚ğŸ˜‚ğŸ˜‚ğŸ˜‚ğŸ˜‚,False,0.9998870575173757,0,False,0.0
375,@SitiNurjanah-b6w,Ngakak semuanyah,ngakak semuanyah,False,0.9994236258916929,0,False,0.0
376,@WahyuSabilal-qo3sd,Lagu paling lucu nomor 1 sama nomor 2 lucu banget anjir lah aku lagi makan soto tapi sotonya ambil gara-gara nomor 1 sama nomor 2 ğŸ˜…ğŸ˜…ğŸ˜…ğŸ˜‚ğŸ˜‚ğŸ˜‚ğŸ˜‚ğŸ˜‚ğŸ˜‚,lagu paling lucu nomor  sama nomor  lucu banget anjir lah aku lagi makan soto tapi sotonya ambil garagara nomor  sama nomor  ğŸ˜…ğŸ˜…ğŸ˜…ğŸ˜‚ğŸ˜‚ğŸ˜‚ğŸ˜‚ğŸ˜‚ğŸ˜‚,False,0.9932716401395688,0,False,0.0
377,@nandatasya8870,Kalau matahari dibarat kiamat lah,kalau matahari dibarat kiamat lah,False,0.9993064992262592,0,False,0.0
378,@michaelbrandon2317,Matahari di barat berrati kia### hahahah,matahari di barat berrati kia hahahah,False,0.9971932058961585,0,False,0.0
379,@MedaWati-t1k,Pernah banget pembantu ku aku lagi nyayi menagis lah malah jawab jangan nagis,pernah banget pembantu ku aku lagi nyayi menagis lah malah jawab jangan nagis,False,0.9894526695860812,0,False,0.0
380,@gisela22gisel7,Itu kak galyas gasi,itu kak galyas gasi,False,0.99963814285899,0,False,0.0
381,@CiciPonsel-u9r3x,Ada kak galyas,ada kak galyas,False,0.9997753906871115,0,False,0.0
382,@rini_cu20,"Ke tiga: aku punya pertama lagu. Tajuk: jiwa bersedih
Aku punya pertama lagu di like 
ğŸ‘‡",ke tiga aku punya pertama lagu tajuk jiwa bersedih aku punya pertama lagu di like ğŸ‘‡,False,0.991322905916817,0,False,0.0
383,@RehanReyhan-dg1dt,No 5 lagi ngintip apaan,no  lagi ngintip apaan,False,0.9940220666789302,0,False,0.0
384,@KhairaKhaira-r7z,pagi ku cerah ku matahari di barat ku gendong tas merah ku di kiamatğŸ˜¢ğŸ˜¢ğŸ˜¢,pagi ku cerah ku matahari di barat ku gendong tas merah ku di kiamatğŸ˜¢ğŸ˜¢ğŸ˜¢,False,0.9993717331730961,0,False,0.0
385,@AureliaisnaNurrohmawati,Asikin ajağŸ—¿,asikin ajağŸ—¿,False,0.994542134943986,0,False,0.0
386,@DilanAlfarisky-c1d,Anjayy matahari di barat ğŸ˜‚ğŸ˜‚ğŸ˜‚ğŸ˜‚ğŸ˜‚ğŸ˜‚ğŸ˜…ğŸ˜‚ğŸ˜…,anjayy matahari di barat ğŸ˜‚ğŸ˜‚ğŸ˜‚ğŸ˜‚ğŸ˜‚ğŸ˜‚ğŸ˜…ğŸ˜‚ğŸ˜…,False,0.9992777511153877,0,False,0.0
387,@PidariArsyad,Kan temen gw ikutan matahari di barat,kan temen gw ikutan matahari di barat,False,0.9986308632070695,0,False,0.0
388,@DewiYanti-vy4po,"1. ğŸ˜‚ğŸ˜‚ğŸ˜‚ğŸ˜‚ğŸ˜‚ğŸ˜‚ğŸ˜‚ğŸ˜‚ğŸ˜‚ğŸ˜‚ğŸ˜‚ğŸ˜‚
2. ğŸ˜‚ğŸ˜‚ğŸ˜‚ğŸ˜‚ğŸ˜‚ğŸ˜‚ğŸ˜‚ğŸ˜‚ğŸ˜‚ğŸ˜‚ğŸ˜‚ğŸ˜‚
3. ğŸ¤£ğŸ¤£ğŸ¤£ğŸ¤£ğŸ¤£ğŸ¤£ğŸ¤£ğŸ¤£ğŸ¤£ğŸ¤£ğŸ¤£ğŸ¤£
4. ğŸ¤£ğŸ¤£ğŸ¤£ğŸ¤£ğŸ¤£ğŸ¤£ğŸ¤£ğŸ¤£ğŸ¤£ğŸ¤£ğŸ¤£ğŸ¤£
5. ğŸ¤£ğŸ¤£ğŸ¤£ğŸ¤£ğŸ¤£ğŸ¤£ğŸ˜‚ğŸ˜‚ğŸ˜‚ğŸ˜‚ğŸ˜‚ğŸ˜‚", ğŸ˜‚ğŸ˜‚ğŸ˜‚ğŸ˜‚ğŸ˜‚ğŸ˜‚ğŸ˜‚ğŸ˜‚ğŸ˜‚ğŸ˜‚ğŸ˜‚ğŸ˜‚  ğŸ˜‚ğŸ˜‚ğŸ˜‚ğŸ˜‚ğŸ˜‚ğŸ˜‚ğŸ˜‚ğŸ˜‚ğŸ˜‚ğŸ˜‚ğŸ˜‚ğŸ˜‚  ğŸ¤£ğŸ¤£ğŸ¤£ğŸ¤£ğŸ¤£ğŸ¤£ğŸ¤£ğŸ¤£ğŸ¤£ğŸ¤£ğŸ¤£ğŸ¤£  ğŸ¤£ğŸ¤£ğŸ¤£ğŸ¤£ğŸ¤£ğŸ¤£ğŸ¤£ğŸ¤£ğŸ¤£ğŸ¤£ğŸ¤£ğŸ¤£  ğŸ¤£ğŸ¤£ğŸ¤£ğŸ¤£ğŸ¤£ğŸ¤£ğŸ˜‚ğŸ˜‚ğŸ˜‚ğŸ˜‚ğŸ˜‚ğŸ˜‚,False,0.990049751243781,0,False,0.0
389,@nandoprasetyo6220,ğŸ˜‚ğŸ˜Š,ğŸ˜‚ğŸ˜Š,False,0.990049751243781,0,False,0.0
390,@diandra_aninditha,Garing,garing,False,0.9949087109602898,0,False,0.0
391,@MiminImoet-p5g,Ya ga salah sih orang nyağŸ˜…ğŸ˜…,ya ga salah sih orang nyağŸ˜…ğŸ˜…,False,0.996308306097266,0,False,0.0
392,@MuzDalifah-o6x,Aku pernah nari pagi ku cerah ku â¤â¤â¤,aku pernah nari pagi ku cerah ku â¤â¤â¤,False,0.9986755121508708,0,False,0.0
393,@saripahipah5141,yang ke lima lucu bener jir ğŸ˜‚ğŸ˜‚ğŸ˜‚ğŸ˜‚ğŸ˜‚ğŸ˜‚ğŸ˜‚ğŸ˜‚ğŸ˜‚ğŸ˜‚ğŸ˜‚,yang ke lima lucu bener jir ğŸ˜‚ğŸ˜‚ğŸ˜‚ğŸ˜‚ğŸ˜‚ğŸ˜‚ğŸ˜‚ğŸ˜‚ğŸ˜‚ğŸ˜‚ğŸ˜‚,False,0.9992141692451121,0,False,0.0
394,@Hasanah1234-t6q,yang aku buat ketawa yg pertama ngakak ğŸ˜‚ğŸ˜‚ğŸ˜‚ğŸ˜†ğŸ¤£ğŸ¤£,yang aku buat ketawa yg pertama ngakak ğŸ˜‚ğŸ˜‚ğŸ˜‚ğŸ˜†ğŸ¤£ğŸ¤£,False,0.9995683058167566,0,False,0.0
395,@salmasatirah3933,Ngakak bener ampe nyesek deh ğŸ˜‚ğŸ˜‚ğŸ˜‚,ngakak bener ampe nyesek deh ğŸ˜‚ğŸ˜‚ğŸ˜‚,False,0.995327002694725,0,False,0.0
396,@KeyshaFarma,ğ—œğ—»ğ—¶ ğ—´ğ—®ğ—¹ğ˜†ğ—®ğ˜€ ğ—¯ğ˜‚ğ—¸ğ—®ğ—» ğ˜†ğ—´ ğ—½ğ—²ğ—¿ğ˜ğ—®ğ—ºğ—®,ğ—œğ—»ğ—¶ ğ—´ğ—®ğ—¹ğ˜†ğ—®ğ˜€ ğ—¯ğ˜‚ğ—¸ğ—®ğ—» ğ˜†ğ—´ ğ—½ğ—²ğ—¿ğ˜ğ—®ğ—ºğ—®,False,0.9787593689099786,0,False,0.0
397,@capydenris,Aku sedih banget babak aku dah di surga yang tenang dan gak pusing lagi ğŸ˜¢ğŸ˜¢ğŸ˜¢,aku sedih banget babak aku dah di surga yang tenang dan gak pusing lagi ğŸ˜¢ğŸ˜¢ğŸ˜¢,False,0.9956267662134144,0,False,0.0
398,@capydenris,"Babak ku dah di surga yang tenang
ğŸ˜¢ğŸ˜­ğŸ˜­ğŸ˜­ğŸ˜­ğŸ˜­ğŸ˜­ğŸ˜­ğŸ˜­ğŸ˜­ğŸ˜­ğŸ˜­ğŸ˜­ğŸ˜­ğŸ˜¢ğŸ˜¢ğŸ˜¢ğŸ˜¢ğŸ˜­ğŸ˜­ğŸ˜­ğŸ˜­ğŸ˜­ğŸ˜­ğŸ˜­ğŸ˜­ğŸ˜­ğŸ˜­ğŸ¥ºğŸ¥ºğŸ¥²ğŸ¥²ğŸ˜¢ğŸ˜¢ğŸ˜¥ğŸ˜¥ğŸ¥¶ğŸ¥¶â˜ ï¸ğŸ˜¿ğŸ’™ğŸ’” Enak ya kalian masih punya babak aku dah endak atek lagi ğŸ˜¢ğŸ˜¢",babak ku dah di surga yang tenang ğŸ˜¢ğŸ˜­ğŸ˜­ğŸ˜­ğŸ˜­ğŸ˜­ğŸ˜­ğŸ˜­ğŸ˜­ğŸ˜­ğŸ˜­ğŸ˜­ğŸ˜­ğŸ˜­ğŸ˜¢ğŸ˜¢ğŸ˜¢ğŸ˜¢ğŸ˜­ğŸ˜­ğŸ˜­ğŸ˜­ğŸ˜­ğŸ˜­ğŸ˜­ğŸ˜­ğŸ˜­ğŸ˜­ğŸ¥ºğŸ¥ºğŸ¥²ğŸ¥²ğŸ˜¢ğŸ˜¢ğŸ˜¥ğŸ˜¥ğŸ¥¶ğŸ¥¶â˜ ï¸ğŸ˜¿ğŸ’™ğŸ’” enak ya kalian masih punya babak aku dah endak atek lagi ğŸ˜¢ğŸ˜¢,False,0.9715328183547114,0,False,0.0
399,@IsroiyahBunyamin,"""menangislahh "" 
"" Jangan nangisss""",menangislahh jangan nangisss,False,0.9971821740017756,0,False,0.0
400,@FinanHaris37,Yg petama ad kak galyas,yg petama ad kak galyas,False,0.9988646057651654,0,False,0.0
401,@Muhammaddzaki-q5y,"G ada ini kah ""tak ada yg mau jadikan aku tuk jadi penggemar m u""",g ada ini kah tak ada yg mau jadikan aku tuk jadi penggemar m u,False,0.9846398481213883,0,False,0.0
402,@fansmagic-y8t,Pertama itu kak galyas ya,pertama itu kak galyas ya,False,0.9999179530292897,0,False,0.0
403,@Kai_Z_MLBB,Yg terakhir gelap sih,yg terakhir gelap sih,False,0.9983254746183455,0,False,0.0
404,@gxciflix9131,Udah sering nonton ini kok tetap ngakak yaahğŸ˜…ğŸ˜…,udah sering nonton ini kok tetap ngakak yaahğŸ˜…ğŸ˜…,False,0.9986218820998206,0,False,0.0
405,@zalenabil,Ternyata belom siapa aku kehilangan ginjal ku wkwkwkkwğŸ˜‚ğŸ˜‚ğŸ˜‚ğŸ˜‚ğŸ˜‚ğŸ˜‚,ternyata belom siapa aku kehilangan ginjal ku wkwkwkkwğŸ˜‚ğŸ˜‚ğŸ˜‚ğŸ˜‚ğŸ˜‚ğŸ˜‚,False,0.9932304863541741,0,False,0.0
406,@GiyantoAyam,Bagusâ¤â¤â¤,bagusâ¤â¤â¤,False,0.9954814931410172,0,False,0.0
407,@jajangmulyana5241,Nomer 1 bukannya kak galyas,nomer  bukannya kak galyas,False,0.9991516961364431,0,False,0.0
408,@HanafiMuhammad-y8b,"Sama mama suruh nangisğŸ˜¢
Tapi sama ayah jangan nangisğŸ˜‚",sama mama suruh nangisğŸ˜¢ tapi sama ayah jangan nangisğŸ˜‚,False,0.9899308683766885,0,False,0.0
409,@NexenD-YT,pagi ku cerah ku matahari di barat ku ingin sekali tobat tapi telat ğŸ˜‚,pagi ku cerah ku matahari di barat ku ingin sekali tobat tapi telat ğŸ˜‚,False,0.9982588103040394,0,False,0.0
410,@aliceyaa,"""jangan nangis""ğŸ¤£ğŸ¤£ğŸ˜­ğŸ˜­ğŸ˜­",jangan nangisğŸ¤£ğŸ¤£ğŸ˜­ğŸ˜­ğŸ˜­,False,0.9991281255507032,0,False,0.0
411,@JaviraAndini,ğŸ˜‚ğŸ˜‚haha semuanya lucu,ğŸ˜‚ğŸ˜‚haha semuanya lucu,False,0.9982998951365776,0,False,0.0
412,@Zahiranurhikmah-x6u,Nomor 1 kak galyas,nomor  kak galyas,False,0.9997445150761864,0,False,0.0
413,@nurhayatiyati1909,Matahari di barat. Hari kiamat ğŸ˜‚ğŸ˜‚ğŸ˜‚ğŸ˜‚,matahari di barat hari kiamat ğŸ˜‚ğŸ˜‚ğŸ˜‚ğŸ˜‚,False,0.9995381423876455,0,False,0.0
414,@PutriNauraSahda,Yang pertama kyk galyas,yang pertama kyk galyas,False,0.9995619590047965,0,False,0.0
415,@huhahua.,yang nomor 1 ceweknya mirip kak galyas gk sih?,yang nomor  ceweknya mirip kak galyas gk sih,False,0.9996121924439062,0,False,0.0
416,@NabilaNabila-i3u,Iya kayak kak galyas,iya kayak kak galyas,False,0.9999138806565402,0,False,0.0
417,@FFD-o9f,"Yang terakhir kayak lagu yang selalu kunyanyikan tapi agak panjang dikit 
Lagu:
PAGIKU CERAHKU MATAHARI DI BARAT AKU MAU TOBAT TAPI DAH TELAT 
ğŸ˜‚ğŸ˜‚ğŸ˜‚ğŸ˜‚ğŸ˜‚ğŸ˜‚ğŸ˜‚ğŸ˜‚ğŸ˜‚ğŸ˜‚ GIMANA LAGUNYA BAGUS NGAK",yang terakhir kayak lagu yang selalu kunyanyikan tapi agak panjang dikit lagu pagiku cerahku matahari di barat aku mau tobat tapi dah telat ğŸ˜‚ğŸ˜‚ğŸ˜‚ğŸ˜‚ğŸ˜‚ğŸ˜‚ğŸ˜‚ğŸ˜‚ğŸ˜‚ğŸ˜‚ gimana lagunya bagus ngak,False,0.9714584213316705,0,False,0.0
418,@nailasyifarabbani835,ğŸ˜‚ ngakak baget,ğŸ˜‚ ngakak baget,False,0.9976765759364634,0,False,0.0
419,@ZerlinFelis,Nomer 1 yang perempuan mirip kak galyas gak sih,nomer  yang perempuan mirip kak galyas gak sih,False,0.9998802109459612,0,False,0.0
420,@KinarWaru,anjir galyas cokkkkkk,anjir galyas cokkkkkk,False,0.9964522779573559,0,False,0.0
421,@indrabdmjeruk,Mudah bang bukan kuda HAHAHAHA ğŸ˜‚,mudah bang bukan kuda hahahaha ğŸ˜‚,False,0.9959603969444153,0,False,0.2
422,@Gibran_8G,Wkwkwkkwkw sampe nonton bsrkali kaliğŸ˜‚ğŸ˜‚ğŸ˜‚ğŸ˜‚,wkwkwkkwkw sampe nonton bsrkali kaliğŸ˜‚ğŸ˜‚ğŸ˜‚ğŸ˜‚,False,0.9946020779255429,0,False,0.0
423,@VayrelHibanes,"No 4 nyambung banget ğŸ¤£ğŸ¤£ğŸ¤£ğŸ¤£ğŸ¤£ğŸ¤£ğŸ¤£ğŸ¤£ğŸ¤£ğŸ¤£ğŸ¤£ğŸ¤£ğŸ¤£ğŸ¤£ğŸ—¿
No 5 matahari di barat kiamat ğŸ¤£ğŸ¤£ğŸ¤£ğŸ¤£ğŸ¤£ğŸ¤£ğŸ¤£ğŸ¤£ğŸ¤£ğŸ¤£ğŸ¤£ğŸ¤£ğŸ¤£ğŸ¤£ğŸ¤£ğŸ—¿",no  nyambung banget ğŸ¤£ğŸ¤£ğŸ¤£ğŸ¤£ğŸ¤£ğŸ¤£ğŸ¤£ğŸ¤£ğŸ¤£ğŸ¤£ğŸ¤£ğŸ¤£ğŸ¤£ğŸ¤£ğŸ—¿ no  matahari di barat kiamat ğŸ¤£ğŸ¤£ğŸ¤£ğŸ¤£ğŸ¤£ğŸ¤£ğŸ¤£ğŸ¤£ğŸ¤£ğŸ¤£ğŸ¤£ğŸ¤£ğŸ¤£ğŸ¤£ğŸ¤£ğŸ—¿,False,0.9997211502326089,0,False,0.0
424,@mutiaracm7210,Matahari di barat.auto panikğŸ˜‚ğŸ˜‚,matahari di baratauto panikğŸ˜‚ğŸ˜‚,False,0.9969938728182782,0,False,0.0
425,@Inarawiwinn,Yang pertama ngakak bangetttttttğŸ¤£ğŸ¤£ğŸ¤£ğŸ¤£ğŸ¤£ğŸ¤£ğŸ¤£ğŸ¤£ğŸ¤£ğŸ¤©ğŸ¤©ğŸ¤£,yang pertama ngakak bangetttttttğŸ¤£ğŸ¤£ğŸ¤£ğŸ¤£ğŸ¤£ğŸ¤£ğŸ¤£ğŸ¤£ğŸ¤£ğŸ¤©ğŸ¤©ğŸ¤£,False,0.999541112024882,0,False,0.0
426,@AbdHavid,Ngank betatğŸ˜‚ğŸ˜‚ğŸ˜‚ğŸ˜‚ğŸ˜‚ğŸ˜‚ğŸ˜‚,ngank betatğŸ˜‚ğŸ˜‚ğŸ˜‚ğŸ˜‚ğŸ˜‚ğŸ˜‚ğŸ˜‚,False,0.9928210345903802,0,False,0.0
427,@shaylendrashaylendra5,yang ke dua lagunya buat kamboja,yang ke dua lagunya buat kamboja,False,0.9983250571171952,0,False,0.0
428,@HenniCenatcenut,No 3 lcuğŸ˜‚,no  lcuğŸ˜‚,False,0.9949087109602898,0,False,0.0
429,@akusaya571,Kayak kudağŸ¤£,kayak kudağŸ¤£,False,0.9997539547938303,0,False,0.0
430,@DetiKarwati-o1w,Yg perempuan kaya kuda kak galyas bukan,yg perempuan kaya kuda kak galyas bukan,False,0.9999350690295127,0,False,0.0
431,@HadrohAlMadinah,yang pertama kaya kak galyas gak sih,yang pertama kaya kak galyas gak sih,False,0.999959676385165,0,False,0.0
432,@Nisa_chennel21,Kalau matahari di barat berarti kiam*t,kalau matahari di barat berarti kiamt,False,0.9990101212596927,0,False,0.0
433,@KeigoZidan,"Bagi ku prediksi skor 
1... perempuan kaya kuda
2... matahari di barat
3... Jangan nangis 
4... kehilangan ginjal ku
5... dirundung Wibu",bagi ku prediksi skor  perempuan kaya kuda  matahari di barat  jangan nangis  kehilangan ginjal ku  dirundung wibu,False,0.7638322161941268,1,False,0.0
434,@AchaAndhara,lah kak galyas,lah kak galyas,False,0.999673354159534,0,False,0.0
435,@suryajailani3135,Buset menangis jangan nangis,buset menangis jangan nangis,False,0.9981211284721344,0,False,0.0
436,@Dapa-t3t,"~ menangislah~
'Jangan nangis' ğŸ—¿ğŸ—¿",menangislah jangan nangis ğŸ—¿ğŸ—¿,False,0.9981499250594221,0,False,0.0
437,@KikiRizky123,Sumpah kocak banget sumpah sampai batuk batuk guağŸ˜‚ğŸ˜‚ğŸ˜‚ğŸ˜‚ğŸ˜‚ğŸ˜‚ğŸ˜‚ğŸ˜‚ğŸ˜‚ğŸ˜‚ğŸ˜‚ğŸ˜‚ğŸ˜‚ğŸ˜‚ğŸ˜‚ğŸ˜‚ğŸ˜‚ğŸ˜‚ğŸ˜‚ğŸ˜‚ğŸ˜‚,sumpah kocak banget sumpah sampai batuk batuk guağŸ˜‚ğŸ˜‚ğŸ˜‚ğŸ˜‚ğŸ˜‚ğŸ˜‚ğŸ˜‚ğŸ˜‚ğŸ˜‚ğŸ˜‚ğŸ˜‚ğŸ˜‚ğŸ˜‚ğŸ˜‚ğŸ˜‚ğŸ˜‚ğŸ˜‚ğŸ˜‚ğŸ˜‚ğŸ˜‚ğŸ˜‚,False,0.9950655185364601,0,False,0.0
438,@MamanMan-q7e,ğŸ˜‚ğŸ˜‚ğŸ˜‚ğŸ˜‚ğŸ˜‚ğŸ˜‚ğŸ˜‚ğŸ˜‚ğŸ˜‚ğŸ˜‚ğŸ˜‚ğŸ˜‚ğŸ˜‚ğŸ˜‚ğŸ˜‚ğŸ˜‚ğŸ˜‚ğŸ˜‚ğŸ˜‚ğŸ˜‚ğŸ˜‚ğŸ˜‚ğŸ˜‚ğŸ˜‚ğŸ˜‚ğŸ˜‚ğŸ˜‚ğŸ˜‚ğŸ˜‚ğŸ˜‚ğŸ˜‚ğŸ˜‚ğŸ˜‚ğŸ˜‚,ğŸ˜‚ğŸ˜‚ğŸ˜‚ğŸ˜‚ğŸ˜‚ğŸ˜‚ğŸ˜‚ğŸ˜‚ğŸ˜‚ğŸ˜‚ğŸ˜‚ğŸ˜‚ğŸ˜‚ğŸ˜‚ğŸ˜‚ğŸ˜‚ğŸ˜‚ğŸ˜‚ğŸ˜‚ğŸ˜‚ğŸ˜‚ğŸ˜‚ğŸ˜‚ğŸ˜‚ğŸ˜‚ğŸ˜‚ğŸ˜‚ğŸ˜‚ğŸ˜‚ğŸ˜‚ğŸ˜‚ğŸ˜‚ğŸ˜‚ğŸ˜‚,False,0.990049751243781,0,False,0.0
439,@AbdulHafizIbrohim,Yg pertama kayak kak galyas,yg pertama kayak kak galyas,False,0.9999167749987817,0,False,0.0
440,@rinaapry,3. ğŸ˜‚ğŸ˜‚, ğŸ˜‚ğŸ˜‚,False,0.990049751243781,0,False,0.0
441,@mutiaraistna,Yang pertama galyas bukan ya,yang pertama galyas bukan ya,False,0.9996041809303994,0,False,0.0
442,@sugianto3897,Dirundung wibu anjayğŸ˜‚ğŸ˜‚ğŸ˜‚ğŸ˜‚ğŸ˜‚,dirundung wibu anjayğŸ˜‚ğŸ˜‚ğŸ˜‚ğŸ˜‚ğŸ˜‚,False,0.9949444019477367,0,False,0.0
443,@alwayssmy_fanss00,Yang terakhir paling parahh sihh,yang terakhir paling parahh sihh,False,0.9984174031460723,0,False,0.0
444,@alwayssmy_fanss00,No 5 paling ngakakk angÂ¹â°â°,no  paling ngakakk angÂ¹â°â°,False,0.9934912272545636,0,False,0.0
445,@DiandianAdam,Matahari di baratğŸ˜‚,matahari di baratğŸ˜‚,False,0.9998007794449327,0,False,0.0
446,@endrocahyoto9717,itu mirip galyas,itu mirip galyas,False,0.9992730838664796,0,False,0.0
447,@AhmadKamil-q5k,Perempuan kayak kuda nggak tuhğŸ˜‚ğŸ˜‚ğŸ˜‚,perempuan kayak kuda nggak tuhğŸ˜‚ğŸ˜‚ğŸ˜‚,False,0.9998337161035292,0,False,0.0
448,@ZahraMaulida-s3y,"Matahari di barat 

Kiamat woiiâ˜ ï¸ğŸ’€",matahari di barat kiamat woiiâ˜ ï¸ğŸ’€,False,0.9997033046527186,0,False,0.0
449,@QueenTheblack,"Matahari di barat,,, kiamatğŸ˜‚",matahari di barat kiamatğŸ˜‚,False,0.9998835217754115,0,False,0.0
450,@faizahnurpuspita5659,ğŸ¤£ğŸ¤£ğŸ¤£ğŸ¤£ğŸ¤£ğŸ¤£ğŸ¤£ğŸ¤£ğŸ¤£ğŸ¤£,ğŸ¤£ğŸ¤£ğŸ¤£ğŸ¤£ğŸ¤£ğŸ¤£ğŸ¤£ğŸ¤£ğŸ¤£ğŸ¤£,False,0.990049751243781,0,False,0.0
451,@Piepietmessina,Eh busetğŸ˜‚,eh busetğŸ˜‚,False,0.9964402224551795,0,False,0.0
452,@normadino3489,Ko perem,ko perem,False,0.9942190045687332,0,False,0.0
453,@morynnaeka,ğŸ˜‚ğŸ˜‚ğŸ˜‚ğŸ˜‚,ğŸ˜‚ğŸ˜‚ğŸ˜‚ğŸ˜‚,False,0.990049751243781,0,False,0.0
454,@Nyomanwisada-l8i,"Lahh aku tinggal di barat,ğŸ—¿ğŸ—¿",lahh aku tinggal di baratğŸ—¿ğŸ—¿,False,0.9973875935193974,0,False,0.0
455,@ayramysha2718,Yng pertama kok ky galyas ya?? ğŸ˜­ğŸ˜­ğŸ˜­,yng pertama kok ky galyas ya ğŸ˜­ğŸ˜­ğŸ˜­,False,0.9971023812851294,0,False,0.0
456,@juliani4684,Sampai ngakak,sampai ngakak,False,0.998088845675361,0,False,0.0
457,@juliani4684,Lucu banget sampe ngaki,lucu banget sampe ngaki,False,0.9987870522892794,0,False,0.0
458,@YanDuriawan,Wih  kehilangan  ginjal  weeeeeeeeeeeeğŸ˜‚ğŸ˜‚ğŸ˜‚ğŸ˜‚ğŸ˜‚ğŸ˜‚ğŸ˜‚ğŸ˜‚ğŸ˜‚ğŸ˜‚ğŸ˜‚ğŸ˜‚ğŸ˜‚ğŸ˜‚,wih kehilangan ginjal weeeeeeeeeeeeğŸ˜‚ğŸ˜‚ğŸ˜‚ğŸ˜‚ğŸ˜‚ğŸ˜‚ğŸ˜‚ğŸ˜‚ğŸ˜‚ğŸ˜‚ğŸ˜‚ğŸ˜‚ğŸ˜‚ğŸ˜‚,False,0.9966273613319993,0,False,0.0
459,@OlakDungket-o6j,Bangke.. yg terahir udah kiamat aja cok,bangke yg terahir udah kiamat aja cok,False,0.9987084602206278,0,False,0.0
460,@GaganAgustiawan,garing semua anjir jadi ilfiel,garing semua anjir jadi ilfiel,False,0.9976689414275778,0,False,0.0
461,@AbihanBihan,Yang ke lima gelap ya,yang ke lima gelap ya,False,0.9994969084349913,0,False,0.0
462,@mustopa-q7s,Ngakak banget pas nomor 1 sama nomor 2,ngakak banget pas nomor  sama nomor ,False,0.9966643131769236,0,False,0.0
463,@Leo_ajah25,Harusnya matahari di nomor dua lucu kali cokğŸ˜‚ğŸ˜‚ğŸ˜‚ğŸ˜‚ğŸ˜‚ğŸ˜‚ğŸ˜‚ğŸ˜‚ğŸ˜‚ğŸ˜‚,harusnya matahari di nomor dua lucu kali cokğŸ˜‚ğŸ˜‚ğŸ˜‚ğŸ˜‚ğŸ˜‚ğŸ˜‚ğŸ˜‚ğŸ˜‚ğŸ˜‚ğŸ˜‚,False,0.9993248631641753,0,False,0.0
464,@Arkan-p8m,Aku salfok yang dirundung wibuğŸ˜‚ğŸ˜‚ğŸ˜‚ğŸ˜‚ğŸ˜‚,aku salfok yang dirundung wibuğŸ˜‚ğŸ˜‚ğŸ˜‚ğŸ˜‚ğŸ˜‚,False,0.998149518886871,0,False,0.0
465,@MuhammadZaini-v1w,No 3 mentaliti gak suka nyanyi ğŸ˜‚ğŸ˜‚ğŸ˜‚,no  mentaliti gak suka nyanyi ğŸ˜‚ğŸ˜‚ğŸ˜‚,False,0.9958058889860707,0,False,0.0
466,@Arkan-p8m,Eh aku di Jawa Barat di kota Bogor kok disebut kota hujan ya harus nya gak disebut kota hujan soalnya kan ada di barat kan barat itu terbitnya matahari,eh aku di jawa barat di kota bogor kok disebut kota hujan ya harus nya gak disebut kota hujan soalnya kan ada di barat kan barat itu terbitnya matahari,False,0.9595677906057688,0,False,0.0
467,@Susanti-k3n,Nama aku putri Susanti ğŸ˜‚,nama aku putri susanti ğŸ˜‚,False,0.9954569534554669,0,False,0.0
468,@simplyrossa,Wkwkkwkwkwwkk,wkwkkwkwkwwkk,False,0.9949087109602898,0,False,0.0
469,@mistawila5531,ğŸ¤£ğŸ¤£ğŸ¤£ğŸ¤£ğŸ¤£ğŸ¤£ğŸ¤£ğŸ¤£,ğŸ¤£ğŸ¤£ğŸ¤£ğŸ¤£ğŸ¤£ğŸ¤£ğŸ¤£ğŸ¤£,False,0.990049751243781,0,False,0.0
470,@BilalNabihan-r2g,Ngakaknya sampe surga ğŸ˜‚ğŸ˜‚ğŸ˜‚ğŸ¤£ğŸ¤£ğŸ¤£ğŸ¤£ğŸ¤£ğŸ—¿ğŸ—¿,ngakaknya sampe surga ğŸ˜‚ğŸ˜‚ğŸ˜‚ğŸ¤£ğŸ¤£ğŸ¤£ğŸ¤£ğŸ¤£ğŸ—¿ğŸ—¿,False,0.9956422723971692,0,False,0.0
471,@BilalNabihan-r2g,ğŸ˜‚,ğŸ˜‚,False,0.990049751243781,0,False,0.0
472,@BilalNabihan-r2g,Ketika gua bilekğŸ—¿,ketika gua bilekğŸ—¿,False,0.9934023617900496,0,False,0.0
473,@ELVISBHI,"Sumpah konten lo tuh kayak spin di âœŒğğ’ğ“ğğ“ğğŸ—ğŸ—âœŒâ€¦ gak ketebak, tapi ending-nya nagih!",sumpah konten lo tuh kayak spin di âœŒğğ’ğ“ğğ“ğâœŒâ€¦ gak ketebak tapi endingnya nagih,False,0.9858843092112589,0,False,0.0
474,@DilkhushKumar-jp7ss,"Nyimak podcast katanya biar pinter. Eh, gue malah pinter cari cuan sambil buka ğğ’ğ“ğğ“ğğŸ—ğŸ—!",nyimak podcast katanya biar pinter eh gue malah pinter cari cuan sambil buka ğğ’ğ“ğğ“ğ,False,0.9462314343286793,0,False,0.0
475,@MarcuslalremmawiaPachuau,Kamu tuh kayak hadiah harian dari âœŒğğ’ğ“ğğ“ğğŸ—ğŸ—âœŒâ€¦ selalu dinanti!,kamu tuh kayak hadiah harian dari âœŒğğ’ğ“ğğ“ğâœŒâ€¦ selalu dinanti,False,0.9970538016456769,0,False,0.0
476,@AadeshTandale,"Tiap muncul, vibes kamu tuh kayak cuan masukâ€¦ ğ‘·ğ‘ºğ‘»ğ‘¶ğ‘»ğ‘¶ğŸ—ğŸ— banget!",tiap muncul vibes kamu tuh kayak cuan masukâ€¦ ğ‘·ğ‘ºğ‘»ğ‘¶ğ‘»ğ‘¶ banget,False,0.9928258547778824,0,False,0.0
477,@SandipYadavSandipyadsv,Bentar-bentar... ini kamu cakep beneran apa efek dari spin beruntun âœŒğğ’ğ“ğğ“ğğŸ—ğŸ—âœŒ?,bentarbentar ini kamu cakep beneran apa efek dari spin beruntun âœŒğğ’ğ“ğğ“ğâœŒ,False,0.9558729881372118,0,False,0.0
478,@Mrbeitz,Kamu tuh cakepnya gak adilâ€¦ kayak akun ğğ’ğ“ğğ“ğğŸ—ğŸ— yang menang terus padahal baru login!,kamu tuh cakepnya gak adilâ€¦ kayak akun ğğ’ğ“ğğ“ğ yang menang terus padahal baru login,False,0.9791884850955063,0,False,0.0
479,@ShahfrozKing,"Cakep sih, tapi masih kalah dikit sama saldo ğğ’ğ“ğğ“ğğŸ—ğŸ— pas ditarik full ğŸ˜",cakep sih tapi masih kalah dikit sama saldo ğğ’ğ“ğğ“ğ pas ditarik full ğŸ˜,True,0.9964795097272597,1,False,0.35
480,@StunChou-l3i,Mukamu tuh mirip ğ‘·ğ‘ºğ‘»ğ‘¶ğ‘»ğ‘¶ğŸ—ğŸ—... tiap muncul bikin rame!,mukamu tuh mirip ğ‘·ğ‘ºğ‘»ğ‘¶ğ‘»ğ‘¶ tiap muncul bikin rame,False,0.990272086189535,0,False,0.0
481,@MajidKhanArif,Senyummu tuh kayak tombol withdraw di âœŒğğ’ğ“ğğ“ğğŸ—ğŸ—âœŒâ€¦ sekali liat langsung pengen pencet!,senyummu tuh kayak tombol withdraw di âœŒğğ’ğ“ğğ“ğâœŒâ€¦ sekali liat langsung pengen pencet,False,0.9760191689390117,1,False,0.0
482,@TOMANDJERRYTOMANDJERRY-k1x,"Bilang aja kamu pinter nyari cuan, soalnya cakepmu tuh kayak saldo ğ‘·ğ‘ºğ‘»ğ‘¶ğ‘»ğ‘¶ğŸ—ğŸ—: makin hari makin naik!",bilang aja kamu pinter nyari cuan soalnya cakepmu tuh kayak saldo ğ‘·ğ‘ºğ‘»ğ‘¶ğ‘»ğ‘¶ makin hari makin naik,False,0.9510017211955978,1,False,0.0
483,@arjun_rj.19,"Serius, liat kamu tuh kayak spin ğğ’ğ“ğğ“ğğŸ—ğŸ—... gak pernah bosen dan selalu bikin senyum!",serius liat kamu tuh kayak spin ğğ’ğ“ğğ“ğ gak pernah bosen dan selalu bikin senyum,False,0.9941752475953927,0,False,0.0
484,@Karisma189,Itu kak galyas gak sih,itu kak galyas gak sih,False,0.9999081046373945,0,False,0.0
485,@shohibulbariq3,Yang terakhir parah banget sihğŸ˜‚ğŸ˜‚ğŸ˜‚ğŸ˜‚,yang terakhir parah banget sihğŸ˜‚ğŸ˜‚ğŸ˜‚ğŸ˜‚,False,0.9993968275603903,0,False,0.0
486,@FatkhulirsyadKj,Galyas njir,galyas njir,False,0.9974932768908923,0,False,0.0
487,@Ligusmuhamadligusmuhamad,yg nomor 1 itu kirain galyas,yg nomor  itu kirain galyas,False,0.9996023638195298,0,False,0.0
488,@Ligusmuhamadligusmuhamad,yg nomor 1 itu kirain galyas,yg nomor  itu kirain galyas,False,0.9996023638195298,0,False,0.0
489,@DoniZzz-pr9cw,Lah kok perempuan kaya kuda sihğŸ¤£ğŸ—¿ğŸ—¿ğŸ—¿,lah kok perempuan kaya kuda sihğŸ¤£ğŸ—¿ğŸ—¿ğŸ—¿,False,0.9992512225687767,0,False,0.0
490,@arisiirmayanti5483,Dirumdung wibu ğŸ¤£ğŸ¤£ğŸ¤£ğŸ¤£ğŸ¤£,dirumdung wibu ğŸ¤£ğŸ¤£ğŸ¤£ğŸ¤£ğŸ¤£,False,0.9955014269623543,0,False,0.0
491,@AnjarSetya-z6f1c,Ginjal ku dan jangan nangis,ginjal ku dan jangan nangis,False,0.9991776670761119,0,False,0.0
492,@afifahmahendi5105,Matahari di barattğŸ˜‚ğŸ˜‚ğŸ˜‚ğŸ˜‚ ahahahahahahh,matahari di barattğŸ˜‚ğŸ˜‚ğŸ˜‚ğŸ˜‚ ahahahahahahh,False,0.9979030055413423,0,False,0.0
493,@herisetiawan9723,Di ulang ulang tetep ngakakğŸ˜‚ğŸ˜‚,di ulang ulang tetep ngakakğŸ˜‚ğŸ˜‚,False,0.9986531599022859,0,False,0.0
494,@ImeldaPutri-p4l,Gue ngakak bgtğŸ˜‚ğŸ˜‚,gue ngakak bgtğŸ˜‚ğŸ˜‚,False,0.9975873799165874,0,False,0.0
495,@NovitapeniAmbarsari,ğŸ˜…ğŸ˜…ğŸ˜…ğŸ˜…ğŸ˜…ğŸ˜…ğŸ˜…,ğŸ˜…ğŸ˜…ğŸ˜…ğŸ˜…ğŸ˜…ğŸ˜…ğŸ˜…,False,0.990049751243781,0,False,0.0
496,@KenziNarendra-h8o,Yang paling lucu ke 2ğŸ˜‚ğŸ˜‚,yang paling lucu ke ğŸ˜‚ğŸ˜‚,False,0.9992979799492641,0,False,0.0
497,@bayuriswono273,JanjokğŸ‰ğŸ˜‚ğŸ˜‚ğŸ˜‚ğŸ˜‚ğŸ˜‚ğŸ˜‚ğŸ˜‚,janjokğŸ‰ğŸ˜‚ğŸ˜‚ğŸ˜‚ğŸ˜‚ğŸ˜‚ğŸ˜‚ğŸ˜‚,False,0.9949087109602898,0,False,0.0
498,@AsriAjah-p9j,Jangan nagisğŸ˜‚ğŸ˜‚ğŸ˜‚,jangan nagisğŸ˜‚ğŸ˜‚ğŸ˜‚,False,0.9979067914303624,0,False,0.0
499,@Nurmaeni-l5e,Kaya kuda...bjirrrrğŸ˜‚,kaya kudabjirrrrğŸ˜‚,False,0.9978809815648666,0,False,0.0
500,@HiburanFiqi-m4s,ğŸ˜‚ğŸ¤£ğŸ˜‚ğŸ¤£ğŸ˜‚ğŸ¤£ğŸ˜‚ğŸ¤£ğŸ˜‚ğŸ¤£ğŸ˜‚ğŸ¤£ğŸ˜‚ğŸ¤£ğŸ˜‚ğŸ¤£ğŸ˜‚ğŸ¤£,ğŸ˜‚ğŸ¤£ğŸ˜‚ğŸ¤£ğŸ˜‚ğŸ¤£ğŸ˜‚ğŸ¤£ğŸ˜‚ğŸ¤£ğŸ˜‚ğŸ¤£ğŸ˜‚ğŸ¤£ğŸ˜‚ğŸ¤£ğŸ˜‚ğŸ¤£,False,0.990049751243781,0,False,0.0
501,@albisyai.a,Emmg bnr sih bang perempuan kyk kuda ğŸ˜‚,emmg bnr sih bang perempuan kyk kuda ğŸ˜‚,False,0.994263821887694,0,False,0.0
502,@ALBOY05ALBOYBUDAKONETAP,ğŸ˜‚ğŸ˜‚ğŸ˜‚ğŸ˜‚ğŸ˜‚,ğŸ˜‚ğŸ˜‚ğŸ˜‚ğŸ˜‚ğŸ˜‚,False,0.990049751243781,0,False,0.0
