Author,Published At,Like Count,Comment
@uzwaazha8374,2025-07-18T09:17:07Z,0,Aku paling lawak yang perempuan kaya kudağŸ˜…ğŸ˜‚ğŸ˜‚ğŸ˜‚ğŸ˜‚ğŸ˜‚
@unguponzel9127,2025-07-18T09:08:10Z,0,Perempuan kayak kudany ngeden ğŸ˜…ğŸ˜…
@sadlyaidil,2025-07-18T09:05:09Z,0,Ending yang membangongkn
@HamBali-s4n,2025-07-18T09:04:34Z,0,ğŸ˜‚ğŸ˜‚ğŸ˜‚
@AbdulMunir-vo6ho,2025-07-18T09:03:34Z,0,Kiuamat coi
@amirhamzah7626,2025-07-18T08:59:41Z,0,ğŸ˜‚ğŸ˜‚ğŸ˜‚
@AtosCopi,2025-07-18T08:55:29Z,0,Kok haya susanti kek kitu nada nya ğŸ˜‚
@BelaJ-v4b,2025-07-18T08:46:47Z,0,3
@BelaJ-v4b,2025-07-18T08:46:42Z,0,ğŸ˜‚
@sejatiZalukhu,2025-07-18T08:42:51Z,0,nomor 2 anjir ngakak bet pokok nya semuanya nya lucuğŸ˜‚ğŸ˜‚ğŸ˜‚
@memespongebobbiasa2673,2025-07-18T08:41:59Z,0,Matahari di barat pertandağŸ¤”
@JiwaJawara-j5d,2025-07-18T08:24:40Z,0,sekalian matahari di tanahğŸ—¿ğŸ™
@JesiWahyu-u3u,2025-07-18T08:22:28Z,0,"Yang ke dua itu di balikpapan, di waduk wonorejo wkwk"
@imamyahyaimamyahya1754,2025-07-18T08:20:21Z,0,Terlalu dibuat buat
@vivianprayoga4005,2025-07-18T08:18:41Z,0,ğŸ˜‚ğŸ˜‚ğŸ˜‚ğŸ˜‚
@AngjeliRuni,2025-07-18T08:17:02Z,0,no 3 lagu sedih jadi tidak. hahhaah
@Indriani-pj9yz,2025-07-18T08:09:35Z,2,kalo matahari dibarat berati kiamatğŸ˜„ğŸ˜‚ dong
@amandaaputri-f6w,2025-07-18T08:00:51Z,0,ğŸ˜‚ğŸ˜‚ğŸ˜‚
@DAYANGNURAIRAHAZIQAHBINTIAGHAS,2025-07-18T07:37:17Z,0,Allah huakbar hahahahağŸ˜‚
@NaezTech,2025-07-18T07:31:24Z,0,BANYAK MUDA. Bukan Kayak Kuda. Lempang kang ğŸ˜‚
@BintangKurung-q3s,2025-07-18T07:30:45Z,0,Kocak banget ğŸ˜‚ğŸ˜‚ğŸ˜‚ğŸ˜‚ğŸ˜‚ğŸ˜‚ğŸ˜‚ğŸ˜‚ğŸ˜‚ğŸ˜‚ğŸ˜‚ğŸ˜‚ğŸ˜‚ğŸ˜‚ğŸ˜‚ğŸ˜‚ğŸ˜‚ğŸ˜‚ğŸ˜‚ğŸ˜‚ğŸ˜‚
@DedeAazMuhtajunNasoih,2025-07-18T07:28:19Z,0,Di baratğŸ˜‚ğŸ˜‚ğŸ˜‚
@MuhammadHanif-l2v,2025-07-18T07:21:29Z,0,Yang pertama kaya kak galyas
@renosetyo1739,2025-07-18T07:16:09Z,0,AbyAnğŸ˜…ğŸ˜…ğŸ˜…ğŸ˜…ğŸ˜…ğŸ˜…ğŸ˜…ğŸ˜…ğŸ˜…ğŸ˜…ğŸ˜…
@renosetyo1739,2025-07-18T07:14:52Z,0,ğŸ˜ŠğŸ˜ŠğŸ˜ŠğŸ˜ŠğŸ˜ŠğŸ˜ŠğŸ˜Š
@hendrahse7929,2025-07-18T07:09:41Z,0,Petempuan kaya kuda
@eliermawati5904,2025-07-18T07:08:56Z,0,ğŸ¤£ğŸ¤£ğŸ¤£ğŸ¤£ğŸ¤£ğŸ¤£ğŸ¤£
@WahyuRafael,2025-07-18T07:03:58Z,0,Kiamat jirğŸ¤£ğŸ¤£ğŸ¤£
@SophiaChen-l7h,2025-07-18T07:03:57Z,0,ğŸ˜‚ğŸ˜‚
@CHANNELBUSINDONESIA,2025-07-18T07:03:20Z,0,ğŸ˜‚ğŸ˜‚ğŸ¤£ğŸ¤£ğŸ¤£
@WijiAstuti-y7g,2025-07-18T06:47:54Z,0,nomor 4lucu banget
@Ochagea-u9x,2025-07-18T06:43:51Z,0,"Nomor 2,4,5 itu dari channel apa?"
@AdeSunandar-t6u,2025-07-18T06:40:05Z,0,yg ke dua anak buah bpk aku
@welehweleh-m3s,2025-07-18T06:36:32Z,0,Harusnya matahari kiamat
@dazel_riel,2025-07-18T06:32:02Z,1,Lanang emang bedaağŸ˜‚ğŸ˜‚
@fahryhartanto2860,2025-07-18T06:27:35Z,0,"ğŸ˜‚ğŸ˜‚ğŸ˜‚Saya Susanti kamu banyak utang tapi banyak gaya """"""ğŸ˜‚ğŸ˜‚"
@henyrachmawati259,2025-07-18T06:20:45Z,0,Yang 3 malah nasehati jirr
@SyellaSugawa-y7k,2025-07-18T06:13:44Z,0,"Cwok +62 emang kocak"" ğŸ˜‚"
@davineselma527,2025-07-18T06:12:47Z,0,NGAKAKKKK
@streamerclipper21,2025-07-18T06:11:15Z,0,The real cowok susah di tebak ğŸ˜­ğŸ—¿
@ikawidyastuti7646,2025-07-18T06:08:45Z,0,The real cowo susah di tebak kaya kakak ku ğŸ˜‚ğŸ˜‚ğŸ˜‚ğŸ˜‚ğŸ˜‚ğŸ˜‚ğŸ˜‚ğŸ˜‚ğŸ˜‚ğŸ˜‚ğŸ˜‚ğŸ˜‚ğŸ˜‚ğŸ˜‚ğŸ˜‚
@shahdinamik30,2025-07-18T06:02:50Z,1,ngakak semuanyağŸ˜‚
@nizamactivitieschannel4484,2025-07-18T05:59:15Z,0,Kiamat hehğŸ˜‚ğŸ˜‚ğŸ˜‚ğŸ˜‚
@ReyHuny,2025-07-18T05:58:06Z,0,"Ngakak banget ğŸ˜‚ğŸ˜‚ğŸ˜‚
Dirundung wibu"
@nizamactivitieschannel4484,2025-07-18T05:56:24Z,0,Ngakak banget ğŸ˜‚ğŸ˜‚ğŸ˜‚
@HappyMega-l6q,2025-07-18T05:55:14Z,0,Perempuan kayak kuda ğŸ˜­ğŸ˜­ğŸ˜­ğŸ˜­ğŸ˜­
@DANIDANI-u7f2e,2025-07-18T05:53:35Z,0,ğŸ¤£ğŸ¤£ğŸ¤£
@luthfiardiansyah4405,2025-07-18T05:53:09Z,0,"menangis lahhh,,,, jangann nangissssssğŸ˜‚ğŸ˜‚ğŸ˜‚ğŸ˜‚ğŸ˜‚"
@DARK_cat999,2025-07-18T05:52:20Z,0,"APA jangan jangan temen saya yang laki denger dari situğŸ˜‚ğŸ˜‚ğŸ˜‚ğŸ˜­ğŸ˜­ğŸ˜­
Yang Pagi ku cerah ku matahari dibaratğŸ˜‚ğŸ˜‚ğŸ˜‚ğŸ˜‚"
@Mochi_channel-ouo,2025-07-18T05:42:10Z,0,matahari di barat kiamagttğŸ˜­ğŸ˜­ğŸ˜­ğŸ˜­ğŸ˜­ğŸ˜­ğŸ˜­ğŸ˜­ğŸ˜­
@AltafRizky-m5d,2025-07-18T05:41:15Z,0,Pagi ku cerahku matahari di barat ku gendong tas merah ku ke akhirat
@Demy05-w7b,2025-07-18T05:05:21Z,0,Menurut aku fix sih ni 4 harus jadi no 1ğŸ˜‚ğŸ˜‚
@NoorMalasari-l5y,2025-07-18T04:46:48Z,0,"Susanti yg imut cantik dn pinter,, di bilang perempuan kaya kudağŸ¤£ğŸ¤£ğŸ¤£ğŸ¤£ asli ngakak wujud dn lagunya jauh bertolak belakang mas"
@marisas.n7472,2025-07-18T04:43:20Z,0,ğŸ˜‚ğŸ˜‚ğŸ˜‚
@dimaspaturp,2025-07-18T04:42:54Z,1,lucu banget anjing babi ngentot
@nayllaazharaputri,2025-07-18T04:42:18Z,0,"Harusnya 
1.perempuan banyak muda 
2.kehilangan dirimu
3.kan kau juga manusia
5.matahari bersinar
Yang nomer 4 gak tau"
@RidwanEfendi-g6k,2025-07-18T04:41:25Z,0,ğŸ˜‚ğŸ˜‚ğŸ˜‚
@Nauraaaa-q3n,2025-07-18T04:36:21Z,0,Gak tahan ngakak yang no 1 perempuan kayak kudağŸ‘¹ğŸ‘¹ğŸ‘ºğŸ¸ğŸŒ¹
@TheGreatestIndonesia,2025-07-18T04:32:58Z,0,"Matahari dibarat"" EndğŸ˜…"
@TriyugoWibowo-oq3op,2025-07-18T04:16:32Z,0,Yang pertama kaya galyas
@velynaryela,2025-07-18T04:12:25Z,0,"Yang ke lima ku tambah ku gendong tas Merahku di angkasa









 map nambah nambah lirik ğŸ—¿ğŸ™ğŸ»ğŸ—¿"
@wardiyono3209,2025-07-18T04:11:22Z,0,Ihh ya ke satu kak galyasğŸ˜Šâ¤
@yulianti3011,2025-07-18T04:06:47Z,0,itu galyas yang pertama
@moba08,2025-07-18T04:02:21Z,0,Udah kiamat nanti kalau matahari di barat bg subhanallah
@MrRocks24,2025-07-18T03:59:39Z,0,ğŸ¤±ğŸ¤±ğŸ¤±
@jumsijumsi7797,2025-07-18T03:52:00Z,0,Keh
@RahimaRahiman-b4c,2025-07-18T03:49:40Z,0,ğŸ˜…ğŸ˜…ğŸ˜…ğŸ˜‚ğŸ˜‚â¤â¤
@TutikSusilowati-d6g,2025-07-18T03:45:53Z,0,*_-ini cowok yang susah di tebak ğŸ¤£ğŸ¤£ğŸ¤£ğŸ¤£-_*
@Santi-f4v,2025-07-18T03:38:55Z,0,Kayak kuda gueeee
@SusilawatieMatHassan,2025-07-18T03:36:54Z,0,ğŸ˜‚
@desiutami7507,2025-07-18T03:33:16Z,0,Yang di rundung wibu sm matahari di barat ngakak bettğŸ˜‚
@rezthafhabyanz959,2025-07-18T03:28:17Z,0,Yg ke 5 kiamat dongğŸ˜‚
@Roa-t4l,2025-07-18T03:23:21Z,0,yang pertama canduuğŸ˜‚ğŸ˜‚
@jihanmakaila.jihan30,2025-07-18T02:52:27Z,0,yg ke 1 ka galyasğŸ˜‚
@onyett3299,2025-07-18T02:47:31Z,0,Ngakak ğŸ¤£
@jhonvolta5473,2025-07-18T02:18:26Z,0,ğŸ˜‚ğŸ˜‚ğŸ˜‚
@MJHL2811,2025-07-18T02:17:27Z,0,ğŸ˜‚
@putratarigan-f1g,2025-07-18T02:17:20Z,0,buat lebih banyak konten seperti ini ğŸ˜‚
@ZahiraYulianti-i2d,2025-07-18T02:02:22Z,0,ğŸ˜‚ğŸ˜‚ğŸ˜‚ğŸ˜‚ğŸ˜‚ğŸ˜‚ğŸ˜‚ğŸ˜‚ğŸ˜‚ğŸ˜‚ğŸ˜‚
@niknum5943,2025-07-18T01:59:40Z,0,Ngakak ampir keselek gw ğŸ˜­ğŸ¤£
@SofyanAlfatrisi,2025-07-18T01:50:31Z,0,Lucu banget nomor 1 sam nomor 3
@twtu550,2025-07-18T01:44:05Z,0,ğŸ˜‚ğŸ˜‚
@Kyoo.Official,2025-07-18T01:32:00Z,0,Suwer ngakak sendiri ğŸ˜‚
@pemancingmanagan4776,2025-07-18T01:27:30Z,0,"Pahala bang,pagi jumat  udah bikin orang ketawa ngakakğŸ˜‚ğŸ˜‚ğŸ˜‚"
@ribomila2843,2025-07-18T01:27:03Z,0,Matahari di baratğŸ˜‚ğŸ˜‚ğŸ˜‚ğŸ˜‚ğŸ˜‚ kiamat itu mahğŸ˜‚
@fransiskatjoe4955,2025-07-18T01:23:39Z,1,Aku ngakak jangan nangis ğŸ˜­ğŸ˜­ğŸ¤£ğŸ¤£
@Eldi27,2025-07-18T01:19:18Z,0,No 5 ğŸ˜­ğŸ˜­ kiamat cook
@TatsuyaDk,2025-07-18T01:14:23Z,0,Haiiya susanti perempuan banyak hutang
@salmahmh1064,2025-07-18T01:10:06Z,0,ğŸ˜‚
@salmaismail1780,2025-07-18T00:57:33Z,0,No 5 gelap
@evinkaazaleasyahputripaudb2215,2025-07-18T00:54:40Z,0,Mana gw wibu pulağŸ‘ğŸ‘„ğŸ‘
@susiaryati6966,2025-07-18T00:37:10Z,0,Ngakak njeerğŸ˜‚ğŸ˜‚
@AristaLende,2025-07-18T00:30:51Z,0,ğŸ˜‚ğŸ˜‚ğŸ˜‚
@AfizahKhairinalatifah-u9g,2025-07-17T23:21:09Z,0,AnjayyyyyyğŸ˜‚ğŸ˜‚ğŸ˜‚
@ArdiansyahTerimakeputusan,2025-07-17T23:12:53Z,0,ğŸ˜‚ğŸ˜‚ğŸ˜‚ğŸ˜‚
@anomali-91-z2g,2025-07-17T22:45:32Z,0,"""kehilangan ginjal ku~""bisa nyambung lagiğŸ—¿"
@crowye5951,2025-07-17T22:30:19Z,0,No 1 temen gw itu ğŸ¤£
@MuhammadFaisal-zf5vy,2025-07-17T21:42:46Z,0,ğŸ˜‚ğŸ˜‚ğŸ˜‚Matahri di barat..belum kiamat woi...ğŸ˜‚
@mike-29,2025-07-17T21:07:42Z,0,Jangan nangisğŸ˜­ğŸ˜­
@yeonyunji3842,2025-07-17T20:41:45Z,0,ğŸ˜­ğŸ˜­ğŸ˜­ğŸ˜­ğŸ˜­
@SyarifEffendi-b6v,2025-07-17T19:35:34Z,0,ğŒğ€ğ’ğ“ğ„ğ‘ğŸğŸ‘ğŸ– emang juara dan terbaik
@NorJihan-d9f,2025-07-17T19:14:20Z,0,ğŸ˜‚ğŸ˜‚ğŸ˜‚ğŸ˜‚ğŸ˜‚ğŸ˜‚ğŸ˜‚ğŸ˜‚ğŸ˜‚ğŸ˜‚
@Turangan_Family,2025-07-17T18:37:54Z,0,Matahari di barat maka indo timur mundurğŸ˜‚ğŸ˜‚
@devissudirman1638,2025-07-17T17:54:15Z,0,Terakhir langsung final day
@MaySaroh-j2u,2025-07-17T16:54:12Z,0,Kehilangan ginjal kuuuuuuğŸ˜‚ğŸ¤£ğŸ¤£ğŸ¤£ğŸ¤£
@haslinanovianti12,2025-07-17T16:53:37Z,0,ğŸ˜‚ğŸ˜‚ğŸ˜‚ğŸ˜‚ğŸ˜‚ğŸ˜‚ğŸ˜‚â¤
@sriyuniharyati5603,2025-07-17T16:51:09Z,0,Aku wibu
@muhammadhilalmaruf3064,2025-07-17T16:47:22Z,0,Gg parah no.5 auto kiamat donk
@rismayanti-o2c,2025-07-17T16:46:43Z,0,hahaha
@VikoJuna-d6w,2025-07-17T16:44:04Z,0,Hari sekali di barat dunia atau meledak ğŸ—¿ğŸ¤£
@SampiLiah,2025-07-17T16:18:06Z,0,ğŸ˜‚ğŸ˜‚ğŸ˜‚ğŸ˜‚
@selvyfranatatv6529,2025-07-17T16:04:09Z,0,ngakakğŸ˜­
@Rind4chi,2025-07-17T16:02:18Z,0,ğŸ˜‚ğŸ˜‚ğŸ˜‚ğŸ˜‚ğŸ¤£ğŸ¤£ğŸ¤£ğŸ‘
@KomozakiMitsuda,2025-07-17T16:01:05Z,0,perempuan kaya kudağŸ˜‚ğŸ˜‚ğŸ˜‚
@iamhida,2025-07-17T15:48:39Z,0,Serem kali matahari dibaratğŸ˜…
@HaesumaOk,2025-07-17T15:48:04Z,0,Kiyamat
@BellCa.Belluce,2025-07-17T15:28:09Z,0,Cape bgtt anjjirrrğŸ˜­ğŸ˜­ğŸ˜­
@raditzaky6421,2025-07-17T15:23:40Z,0,Muka serius nyanyian misterius ğŸ˜…
@anggabhomantara8184,2025-07-17T15:22:55Z,0,ğŸ˜„ğŸ˜„ğŸ˜„
@BagasWahyu-k4x,2025-07-17T15:18:17Z,0,Ngakak ğŸ˜‚ğŸ˜‚ğŸ˜‚ğŸ˜‚
@arinramadhantyalfaizah4914,2025-07-17T15:14:27Z,0,ngakak sampe ubun2ğŸ˜‚ğŸ˜‚ğŸ˜‚ğŸ˜‚ğŸ˜‚ğŸ˜…ğŸ˜…ğŸ˜…ğŸ˜…ğŸ˜…
@mochmaulanamalikibrahim8080,2025-07-17T15:11:33Z,0,ğŸ˜‚ğŸ˜‚ğŸ˜‚ğŸ˜‚ğŸ˜‚ğŸ˜‚ğŸ˜‚
@KevinTian77,2025-07-17T15:11:16Z,0,Jangan nangis ğŸ˜‚ğŸ˜‚ğŸ˜‚ğŸ˜‚ğŸ˜‚ğŸ˜‚ğŸ˜‚ ngakak bet dah
@KeysaKeyla-v5b,2025-07-17T14:57:37Z,0,Yang 5 matahari di barat ituh kiamat kocak
@sadgaming53096..,2025-07-17T14:56:40Z,0,Terpopuler â­ğ‘²ğ’€ğ‘»4ğ‘«â­Member baru pasti jepeeâ¤
@NimulalUraow,2025-07-17T14:56:40Z,0,Keren parah ğ‘²ğ’€ğ‘»4ğ‘«! Pengen main terus. ğŸ‘
@nisharaikwar4879,2025-07-17T14:56:40Z,0,Gw paling demen gas di â­ğ‘²ğ’€ğ‘»4ğ‘«â­ wkwkwkww seru. Harus sering2 sih ini mah auto jepey!
@Keshav-t3k,2025-07-17T14:56:40Z,0,Emang gak ada yang bisa ngalahin serunya â­ğ‘²ğ’€ğ‘»4ğ‘«â­.
@AmitKumar-i6i9k,2025-07-17T14:56:40Z,0,Lancar lancar bang salam Jepe â­ğ‘²ğ’€ğ‘»4ğ‘«â­
@SalnangMarak-nm6mo,2025-07-17T14:56:09Z,0,ğ‘²ğ’€ğ‘»4ğ‘«...MODAL SEDIKIT HASIL MAKSIMAL &lt;3
@NarendraKumar-l2m,2025-07-17T14:56:09Z,0,Lancar lancar bang salam Jepe â­ğ‘²ğ’€ğ‘»4ğ‘«â­
@OmprakashKumar-q2p,2025-07-17T14:56:09Z,0,ğ‘²ğ’€ğ‘»4ğ‘«? TERBAIKK JEPE TERUS BRO!!
@BikramMandal-ub7ci,2025-07-17T14:56:09Z,0,"ğ‘²ğ’€ğ‘»4ğ‘« JUARA PISANN EI, JEIPE GEDE GEDE , MAKIN SERU MAINNYA !"
@avinashmohol2203,2025-07-17T14:56:09Z,0,CAPEE BANGETT MENANG MULU MAIN DI ğ‘²ğ’€ğ‘»4ğ‘«ğŸ¤‘ğŸ’¥
@HariKrishna-of1up,2025-07-17T14:53:38Z,0,Pokoknya ğ‘²ğ’€ğ‘»4ğ‘« recommended banget buat semua!
@Progaming-lo6xt,2025-07-17T14:53:38Z,0,Bikin senyum sendiri! ğ‘²ğ’€ğ‘»4ğ‘«
@AbdulRahim-t6v7y,2025-07-17T14:53:38Z,0,"Nyaman banget main di ğ‘²ğ’€ğ‘»4ğ‘«, Caerrnya nggak bisa berhenti ğŸ˜†ğŸ’¸ğŸ”¥"
@GopalBuj-b3w,2025-07-17T14:53:38Z,0,"Lucu sampe nggak karuan! Kalo mau duitnya nggak karuan banyak, ğ‘²ğ’€ğ‘»4ğ‘« tempatnya! ğŸ’"
@Princejain1089,2025-07-17T14:52:05Z,0,"Mantep â­ğ‘²ğ’€ğ‘»4ğ‘«â­ udah jadi kebiasaan, Caerr terusss !!!"
@SamarthTupe-s7x,2025-07-17T14:52:05Z,0,Cuma â­ğ‘²ğ’€ğ‘»4ğ‘«â­ nih yang langsung ngasih JP besar.. MANTAP BROO
@ayushmanprophantom8351,2025-07-17T14:52:06Z,0,Bener-bener rejeki nomplok ğŸ¤‘ğŸ’¥ ğ‘²ğ’€ğ‘»4ğ‘« juara banget
@Aarna.gamingofficial,2025-07-17T14:52:05Z,0,"Konten seperti ini yang dibutuhkan di YouTube. Sukses terus!,ğ‘²ğ’€ğ‘»4ğ‘«!"
@Vikash-j8b7o,2025-07-17T14:51:01Z,0,"Asli deh, â­ğ‘²ğ’€ğ‘»4ğ‘«â­ sama konten lo sama-sama bikin betah! ğŸ "
@AbhinavAbhinavabhi,2025-07-17T14:51:01Z,0,Keren banget videonya! ğ‘²ğ’€ğ‘»4ğ‘«
@HEADTORED640,2025-07-17T14:49:15Z,0,"Auto senyum tiap buka ğŸ’«ğ‘²ğ’€ğ‘»4ğ‘« ğŸ’«, cuannya gak kira-kira"
@karthikelumalai2004,2025-07-17T14:49:15Z,0,"Asli kontennya top, ğŸ‘µğ‘²ğ’€ğ‘»4ğ‘«ğŸ‘µ juga selalu top sih. ğŸ‘‘"
@KavitapawarKavitapawar-je1jk,2025-07-17T14:49:15Z,0,"Gak nyangka iseng doang, eh malah ketagihan sama ğ‘²ğ’€ğ‘»4ğ‘«"
@rampatsing3376,2025-07-17T14:49:15Z,0,"Baru juga mulai, udah gak bisa berhenti ğŸ’«ğ‘²ğ’€ğ‘»4ğ‘« ğŸ’«"
@Brightgaming29,2025-07-17T14:49:15Z,0,"Kontennya bikin betah, ğŸ‘µğ‘²ğ’€ğ‘»4ğ‘«ğŸ‘µ juga bikin betah sampe pagi. ğŸŒ„"
@effsey1456,2025-07-17T14:42:40Z,0,No tiga Arya salokağŸ˜‚
@meccaRK,2025-07-17T14:22:11Z,0,Ngakak woiiğŸ˜­ğŸ˜­ btw kalo mata hari di barat berarti kiamat dongğŸ˜­ğŸ˜­
@puput9260,2025-07-17T14:20:40Z,0,yang nomor satu kayak galyas muka cewek nya
@Widiyanto-k1s,2025-07-17T14:14:30Z,0,"Gwe dngerin ny pake headset ketawa sndri,anak ma laki gwe mlh bilng mamah kumat ğŸ˜‚ğŸ˜‚ğŸ˜‚"
@asroanzani1545,2025-07-17T14:13:39Z,0,Salah lirik semua
@ArjunaPratama-v8b,2025-07-17T14:09:15Z,0,Udah kiamat kalo.matahari di baratğŸ˜…ğŸ˜…ğŸ˜…ğŸ˜…ğŸ˜…ğŸ˜…ğŸ˜Š
@ryugaalvaro6469,2025-07-17T14:08:08Z,0,ğŸ˜‚ğŸ˜‚ğŸ˜‚ğŸ˜‚ğŸ˜‚ğŸ˜‚ğŸ˜‚ğŸ˜‚ğŸ˜‚
@felaayu2289,2025-07-17T14:00:03Z,0,Kuda kecebur got tapi orangnya yang kecebur gotğŸ˜‚ğŸ˜‚ğŸ˜‚ğŸ˜‚ğŸ˜‚ğŸ˜‚ğŸ˜‚ğŸ˜‚ğŸ˜‚ğŸ˜‚
@felaayu2289,2025-07-17T13:59:38Z,0,Kuda nil kecebur got
@akunbaruku9626,2025-07-17T13:55:13Z,0,ğŸ˜…ğŸ˜‚ğŸ˜‚ğŸ˜‚ğŸ˜‚ğŸ˜‚
@DioShakabakekok,2025-07-17T13:52:46Z,0,Kehilangan ginjal ku sama 3
@tisa-ym9nr,2025-07-17T13:49:28Z,0,Jangan nangisss ğŸ¤£ğŸ¤£ğŸ¤£
@akifaaskana5503,2025-07-17T13:46:08Z,0,ğŸ˜‚
@muhamuharudin5822,2025-07-17T13:38:54Z,0,Yang 5 gelapğŸ’€
@YumnaZahro-t4r,2025-07-17T13:37:12Z,0,Matahari di barat gak tuhhhğŸ—¿
@WangiShakilaadiba,2025-07-17T13:34:17Z,0,Nomor lima gak lucu bang hatiÂ² dengan candaan mu
@SeptianFarhandikafadly,2025-07-17T13:32:56Z,0,Di luar prediksi bmkgğŸ—¿ğŸ—¿ğŸ—¿ğŸ—¿ğŸ‘ğŸ‘Š
@nandakurniawan4914,2025-07-17T13:30:15Z,0,Jangan ğŸ˜‚ğŸ˜‚ğŸ˜‚ğŸ˜‚ğŸ˜‚
@dikymovies4843,2025-07-17T13:29:18Z,0,Emang bener perempuan kaya kudağŸ˜‚ ngakak cok
@bybey1994,2025-07-17T13:28:51Z,0,Semuanya bikin ngakakğŸ˜…
@StandinSea-z5t,2025-07-17T13:24:07Z,0,Yg lucu jangan nangis dan kehilangan  ginjalku ğŸ˜‚ğŸ˜‚ğŸ˜‚ğŸ˜‚ğŸ˜‚ğŸ˜‚ğŸ˜‚ğŸ˜‚ğŸ˜‚ğŸ˜‚ğŸ˜‚ğŸ˜‚
@SKYZKAGENOU,2025-07-17T13:23:11Z,0,Kiamat belum terjadiğŸ˜‚ğŸ˜‚ğŸ˜‚ğŸ˜‚ğŸ˜‚ğŸ˜‚ğŸ˜‚ğŸ˜‚ kehilangan jinjal dijual anjing makan orang haram eh salah ngentik males padam bio
@10.dhitasyafanurlaili86,2025-07-17T13:20:16Z,0,Jangan nangiss sih gong nyağŸ˜­ğŸ˜­ğŸ˜­
@PakKasian-d7z,2025-07-17T13:12:28Z,0,ğŸ˜…ğŸ˜…ğŸ˜…ğŸ˜…
@roytamam5826,2025-07-17T13:05:06Z,0,PEREMPUAN KAYA KUDA ITU SAYAAAAAA.... SAYA YANG NYEBUT. MAAF BUAT SUSANTI ğŸ™ğŸ»ğŸ™ğŸ»ğŸ™ğŸ»
@WindaSetiawan-b7i,2025-07-17T13:00:47Z,0,Maaf ngakak ğŸ¤£ğŸ¤£ğŸ¤£
@DaikMakherlis,2025-07-17T12:59:37Z,0,A-apa itu deket pohon yang ke hilangan ginjal kuğŸ˜°ğŸ˜¥
@toucan123-x2m,2025-07-17T12:57:32Z,0,"""Matahari di barat"" ğŸ—¿"
@KomandanSakti-hq4hy,2025-07-17T12:54:37Z,0,Perempuan kayak kudağŸ’…
@anomriyani2620,2025-07-17T12:54:02Z,0,Haha
@arifshaputro2485,2025-07-17T12:53:03Z,0,Sambil komat Kamit mulut Mbah dukun baca mangağŸ˜‚
@AlfinRahmatullah-r7y5r,2025-07-17T12:47:11Z,0,Gua dgr perempuan banyak kuda
@rinoindriyanto6938,2025-07-17T12:46:12Z,0,Kocaqqqqq jirrrrğŸ˜ŒğŸ¤ğŸ™‰
@fajryrayga773,2025-07-17T12:42:09Z,0,Perempuan kayak kuda
@simahsimah3211,2025-07-17T12:36:55Z,0,"No 5,  kelar sudaaah dunia kalau beneran"
@RubiyahBiyah-es1kx,2025-07-17T12:36:02Z,0,Wkwkwk yg no. lima matahari dibaratğŸ¤£ğŸ—¿
@rikiartanto3023,2025-07-17T12:31:32Z,0,Eh aku kangen lihat konten mas sambung lirik malam2 itu...siapa ya..ğŸ˜‚ğŸ˜‚ğŸ˜‚
@AnitaNapu,2025-07-17T12:28:53Z,0,Heh perempuan itu cantik bukan kaya kuda ğŸ˜‘ğŸ«©
@muhammadiqbalwidiaputra6480,2025-07-17T12:27:30Z,0,Banyakan dari konten Izzy pizzy ğŸ˜‚
@Just_Alloh,2025-07-17T12:22:46Z,0,"Kok terhibur yaaa
Ada lagi gak ya video kyk gini"
@bewokputra-n6m,2025-07-17T12:20:38Z,0,"á´á´‡-á´á´‡É´á´€É´É¢ÉªsÊŸá´€Êœ
Êá´á´œ-á´Šá´€É´É¢á´€É´ É´á´€É´É¢ÉªsğŸ˜…ğŸ˜…ğŸ˜…"
@hidayatullahhidayat7214,2025-07-17T12:18:28Z,0,Di rundung wibu
@arsyilarumeesa6783,2025-07-17T12:15:05Z,0,Aneh suara nyağŸ˜‚ğŸ˜‚
@sastrongaijan,2025-07-17T12:13:59Z,0,ğŸš¾
@a.mulyadi5540,2025-07-17T12:08:08Z,0,Nonton nya sampe di ulang-ulang soalnya lucu..ğŸ˜‚ğŸ¤£ğŸ¤£ğŸ¤£ğŸ¤£ğŸ¤£ğŸ¤£ğŸ¤£ğŸ¤£ğŸ¤£ğŸ¤£ğŸ¤£ğŸ¤£ğŸ¤£ğŸ¤£ğŸ¤£ğŸ¤£ğŸ¤£ğŸ¤£ğŸ¤£ğŸ¤£ğŸ¤£ğŸ¤£ğŸ¤£ğŸ¤£ğŸ¤£ğŸ¤£ğŸ¤£ğŸ¤£ğŸ¤£ğŸ¤£ğŸ¤£ğŸ¤£ğŸ¤£ğŸ¤£ğŸ¤£ğŸ¤£ğŸ¤£ğŸ¤£ğŸ¤£ğŸ¤£ğŸ¤£ğŸ¤£ğŸ¤£ğŸ¤£anjay kocak coooooo.ğŸ¤£ğŸ¤£ğŸ¤£ğŸ¤£ğŸ¤£ğŸ¤£ğŸ¤£ğŸ¤£
@KhanzaKhairunnisa-c8p,2025-07-17T12:07:28Z,0,"Bang jangan gitu lah pahala ai belum banyakğŸ—¿
No .5"
@azimapalupi8138,2025-07-17T12:05:38Z,0,Ke 5 kaya teman ku cewek
@iiskomalasari294,2025-07-17T12:05:03Z,0,Lucu semua ğŸ¤£ğŸ¤£ğŸ¤£ğŸ¤£ğŸ¤£ğŸ¤£ğŸ¤£ğŸ¤£ğŸ¤£ğŸ¤£ğŸ¤£ğŸ¤£ğŸ¤£ğŸ¤£ğŸ¤£ğŸ¤£ğŸ¤£ğŸ¤£ğŸ¤£ğŸ¤£ğŸ¤£ğŸ¤£ğŸ¤£ğŸ¤£ğŸ¤£ğŸ¤£ğŸ¤£ğŸ¤£ğŸ¤£ğŸ¤£ğŸ¤£ğŸ¤£ğŸ¤£ğŸ¤£ğŸ¤£ğŸ¤£ğŸ¤£ğŸ¤£ğŸ¤£ğŸ¤£ğŸ¤£
@ahniecchuar9357,2025-07-17T12:04:28Z,0,ğŸ˜‚ğŸ˜‚ğŸ˜‚ğŸ˜‚
@Gojo-5v,2025-07-17T12:02:22Z,0,Perempuan banyak muda lah ğŸ—¿
@SugengRianto-z6w,2025-07-17T12:01:38Z,0,Di blakang kayak pocong wedon
@dedesusanti-rv3qe,2025-07-17T11:57:39Z,0,yg pertama itu galyasğŸ˜‚
@Syaa_281,2025-07-17T11:55:25Z,2,Day 1 nyanyi sesuai yg ad di pikiran  ğŸ—¿
@NiswatulHusna-y9b,2025-07-17T11:54:37Z,0,ğŸ˜‚ğŸ˜‚ğŸ˜‚ğŸ˜‚ğŸ˜‚ğŸ˜‚ğŸ˜‚ğŸ˜‚ğŸ˜‚ğŸ˜‚ğŸ˜‚ğŸ˜‚ğŸ˜‚ğŸ˜‚ğŸ˜‚ğŸ˜‚ğŸ˜‚ğŸ¤£ğŸ¤£ğŸ¤£ğŸ¤£ğŸ¤£ğŸ¤£ğŸ¤£ğŸ¤£ğŸ¤£ğŸ¤£ğŸ¤£ğŸ¤£ğŸ¤£ğŸ¤£ğŸ¤£ğŸ¤£ğŸ¤£ğŸ¤£ğŸ¤­ğŸ¤­ğŸ¤­ğŸ¤­ğŸ¤­ğŸ¤­ğŸ¤£
@Nisa-l6v,2025-07-17T11:54:20Z,0,ğŸ˜‚ğŸ˜…ğŸ¤£
@Brendabray-o8o,2025-07-17T11:44:13Z,0,ğŸ˜…ğŸ˜‚ yang lawak yang jang mandi
@jangkek-profitpasti,2025-07-17T11:42:55Z,0,"WD di AGEN878 cepat banget, gak ribet sama sekali"
@DWIANGGRAENI-v2b,2025-07-17T11:42:38Z,0,WkwkwkwkğŸ˜‚ğŸ¤£
@Ayugusti-b2d,2025-07-17T11:35:42Z,0,Apalah
@husainibaminpers7236,2025-07-17T11:34:01Z,0,Qu'est ce que c'est
@LubnaUna-z1v,2025-07-17T11:31:11Z,0,Salfok yg pertama yg nanya ka gege
@Ica_love-night,2025-07-17T11:27:56Z,0,Prempuan kaya kudağŸ—¿
@zayyanjer,2025-07-17T11:16:51Z,0,"Lagu yg gw cipta FR FR FR

pagi ku cerah ku matahari di barat
Ternyata sudah kiamat
Aku belum bertaubat

ğŸ’¯ğŸ’¯ğŸ’¯ğŸ’¥ğŸ’¥ğŸ’¥ğŸ”¥ğŸ”¥ğŸ”¥ğŸ¤¡ğŸ¤¡ğŸ¤¡"
@azylatif7179,2025-07-17T11:11:15Z,0,Orang nya be like : woii bangunnn matahari udh di barattğŸ‘ï¸ğŸ‘„ğŸ‘ï¸
@indripaujiah-um9os,2025-07-17T11:06:29Z,0,ğŸ˜­ğŸ˜­ğŸ˜­
@GloriaqueenzhyTewu,2025-07-17T11:00:12Z,0,ğŸ˜‚ğŸ˜‚ğŸ˜‚ğŸ˜‚
@ElfanPramudya,2025-07-17T10:52:46Z,0,Matahari di barat gak tuğŸ—¿ğŸ—¿ğŸ—¿ğŸ—¿ğŸ—¿ğŸ—¿
@dianasukma9107,2025-07-17T10:42:42Z,0,ğŸ˜‚ğŸ˜‚ğŸ˜‚ğŸ˜‚
@ViviMarlen,2025-07-17T10:27:58Z,1,ğŸ˜ğŸ˜ğŸ˜ğŸ˜
@aisayoong,2025-07-17T10:19:51Z,0,Padahal sering lewat tapi tetep aja lucu ğŸ˜­ğŸ˜­ğŸ˜­
@DewiDewi-u2g,2025-07-17T10:15:02Z,0,ğŸ˜‚ğŸ˜‚ğŸ˜‚ğŸ˜‚
@cantikkali-bang,2025-07-17T10:03:46Z,0,Perempuan kaya kudağŸ˜‚ğŸ˜‚ğŸ˜‚ğŸ˜‚ğŸ˜‚
@kristaindah5874,2025-07-17T10:01:52Z,0,not funny blass
@MuhammadFirman-mr8gi,2025-07-17T09:51:50Z,0,"Matahari di BARAT,Gelap banget cok,KIAMAT"
@telgialfin,2025-07-17T09:51:40Z,0,Yg pertama ko jiji bnget yağŸ˜…ğŸ˜…
@kia-w3u,2025-07-17T09:50:40Z,0,"Ku ulang"" terus loh"
@Zee_one9k,2025-07-17T09:40:49Z,0,"""Muahhh""ğŸ—¿ğŸ˜‹ğŸ’”"
@PuspaElisa,2025-07-17T09:39:28Z,0,"Top 5 sambung lagu lirik lucu
1.matahari di barat
2.kehilangan ginjal ku
3.perempuan kaya kuda
4.dirundung wibu
5.jangan nangis"
@NadiaAulia-h5z,2025-07-17T09:34:35Z,16,the real mengejek kasta perempuan ğŸ˜­ğŸ˜­ğŸ˜­
@PaitoFarel,2025-07-17T09:29:59Z,0,Memang cowok susa ditebak kalo obat nya habisğŸ¤£ğŸ¤£ğŸ¤£ğŸ¤£ğŸ¤£ğŸ¤£
@SalsaAlika-qt9nh,2025-07-17T09:26:39Z,0,Yang ke 1 mirip kak galyas ğŸ˜®
@LaylaNafisa,2025-07-17T09:22:14Z,0,Aku suka 1ğŸ˜‚ğŸ˜‚ğŸ˜‚ğŸ˜‚ğŸ˜‚ğŸ˜‚ğŸ˜‚ğŸ˜‚ğŸ˜‚ğŸ˜‚ğŸ˜‚ğŸ˜‚ğŸ˜‚ğŸ˜‚semowahğŸ˜‚ğŸ˜‚ğŸ˜‚ğŸ˜‚ğŸ˜‚ğŸ˜‚
@nicoyolandha,2025-07-17T09:10:07Z,0,"""Iiini hiduuup, wanita si kupu-kupu"""
@tyasss55,2025-07-17T09:01:33Z,0,Nomor 1 lagunya nostalgiağŸ˜¢
@Nafisa05IN,2025-07-17T09:01:06Z,0,No 5. Jangan main main loooğŸ˜‘ğŸ˜‘ğŸ˜‘
@HANAGACHA_A,2025-07-17T08:59:32Z,1,"Yang no 3 lucuğŸ˜‚ğŸ˜‚

Edit : makasih 300 like nyağŸ˜ŠğŸ™"
@alifiafarkhanatunnimah4325,2025-07-17T08:58:07Z,0,Pls agak laen
@sitifasihahofficial9,2025-07-17T08:53:56Z,0,Suka yang ke 4 dan ke 5
@fitriaulia778,2025-07-17T08:51:54Z,0,Ap salaku apasala iBU ku hidupku...DirunDungWiBU
@IrwanIrwansyah-k3q,2025-07-17T08:48:58Z,0,Gua wibu
@fitriaulia778,2025-07-17T08:44:13Z,0,ğŸ¤£ğŸ¤£ğŸ¤£ğŸ¤£
@fitriaulia778,2025-07-17T08:44:03Z,0,wibu cuy
@Emisriwahyuni-gw8kj,2025-07-17T08:42:53Z,0,Kiamat dong
@FloMitha-du2wl,2025-07-17T08:35:36Z,0,Itu galyas gk sih?
@LisnaAqila,2025-07-17T08:33:16Z,0,ğŸ˜‚ğŸ˜‚ğŸ˜‚ğŸ˜‚ğŸ˜‚ğŸ˜‚ğŸ˜‚ğŸ˜‚
@PangeranElang-t6g,2025-07-17T08:28:55Z,0,HahahahahhahahahahhahahahahahahahahhaahhahahahahahahahhahahahahhahahahahahhahahaahhahahahahahhahahahahahahabbabahahahahabhahahahahahhahahahahahhahağŸ˜‚ğŸ˜‚ğŸ˜‚ğŸ˜‚ğŸ˜‚ğŸ˜‚ğŸ˜‚ğŸ˜‚ğŸ˜‚ğŸ˜‚ğŸ˜‚ğŸ˜‚ğŸ˜‚ğŸ˜‚ğŸ˜‚ğŸ˜‚ğŸ˜‚
@JumaRiani-xy7jh,2025-07-17T08:25:46Z,0,Yang 5 kalau terjadi betulan auto mat# semau 1sama 5 favorit
@Sensei-c8k,2025-07-17T08:20:38Z,8,Pagi ku cerah ku matahari di barat ku gendong tas merah ku bersiap ğŸ—¿
@avrvideo8805,2025-07-17T08:20:32Z,0,Ayam susanti perempuan kaya kuda ğŸ˜‚ğŸ˜‚ğŸ˜‚ğŸ˜‚ğŸ˜‚ğŸ˜‚
@angellaherniyati7486,2025-07-17T08:06:19Z,0,Pin pliss
@Unknown-u3l4g,2025-07-17T08:03:14Z,0,Yang kedua dapet kecupan manja
@AleshaNahda-y7h,2025-07-17T08:01:39Z,0,Mirip wali kelas ku pak agung
@rendipakih7835,2025-07-17T07:58:25Z,0,"Bagi kuu 
1.aya susanti 
2 jangan nagis
3 matahari di barat 

4.kehilangan ginjal ku
5, di rmdung ibuğŸ˜Š





Tapi yang paling kocak sampe aku ulang adalah no 1,2,3 sih yang samnsini ngumnpull"
@EmpatFatimah-ll9in,2025-07-17T07:57:51Z,0,Akhirnya bisa tidur nyenyakğŸ˜­ğŸ—¿ğŸ—¿ğŸ˜­ğŸ˜­ğŸ˜­ğŸ˜­ğŸ˜­ğŸ˜­ğŸ—¿ğŸ—¿ğŸ—¿
@AstriPitriani-s3y,2025-07-17T07:47:39Z,0,gokill ini mah  ğƒğğ€ğ’ğ‹ğğ“
@sazkiameliana9185,2025-07-17T07:42:36Z,0,Perempuan kaya kudağŸ˜‚ğŸ˜‚ğŸ˜…
@AninditaNur-m8w,2025-07-17T07:42:21Z,0,Lucu banget aku nonton nya diulang-ulangğŸ¤£ğŸ¤£ğŸ¤£ğŸ¤£
@NadiaWati-e3n,2025-07-17T07:40:41Z,0,Ngakakak ğŸ˜­ğŸ˜­ğŸ˜­ğŸ˜­
@Susanto-f7w,2025-07-17T07:37:07Z,0,Yang pertamağŸ˜­ğŸ¤£
@SaviraSavira-cm6ff,2025-07-17T07:33:50Z,0,Galyas Cok sadar gag sih
@nheisyaazalia4391,2025-07-17T07:33:03Z,0,singkat padat matahari di barat ğŸ˜
@Tsygokgokgyok,2025-07-17T07:26:06Z,0,No 5 gelapğŸ—¿
@User-frezy,2025-07-17T07:23:03Z,0,LoLL
@wannyzulita1287,2025-07-17T07:18:01Z,0,Mirip galyas  coy cewek nya yg pertama
@JuniatiAini-b7r,2025-07-17T07:14:33Z,0,Cowo susah di tebak ğŸ¤–
@RenoWibowo-zh4zv,2025-07-17T07:09:30Z,0,Pada kenapa sihh ğŸ˜‚ğŸ˜‚
@gunturguntur8859,2025-07-17T07:09:30Z,0,"Yg pertama itu galyas gasihhh
Dan ke tiga artis"
@xyshfii,2025-07-17T07:07:07Z,0,jangan nangisğŸ˜­ğŸ˜­
@TahuTukang,2025-07-17T07:05:14Z,0,"1. perempuan kaya kuda 
2.kehilangan ginja ku
3.janggan nangis 
4.dirundung wibu
5.matahari di barat"
@minji8550,2025-07-17T07:04:16Z,0,Mas itu mah kiamat mas ğŸ˜°
@FathanFathir-n8m4c,2025-07-17T07:00:44Z,1,PeREmPuAn kAyA KuDA
@vivianachintya4325,2025-07-17T06:55:19Z,0,"Singkat,padat,di barat ğŸ˜‚"
@susianawati9230,2025-07-17T06:42:02Z,0,Aku Hilda ğŸ˜Š
@HUSNULAMIRULBINASROLMoe,2025-07-17T06:41:58Z,0,"nombor 4 paling lawak
hahaha"
@WINDAHAMIDAHHAMIDAH,2025-07-17T06:37:12Z,3,ğŸ˜‚ğŸ˜‚ğŸ˜‚ğŸ˜‚ngakkak skit perut
@muhammadirhaby5800,2025-07-17T06:37:07Z,0,Yang pertama lucu banget
@ayudewe1067,2025-07-17T06:33:11Z,0,Elu maunya kiamat apa gimana ğŸ˜‚
@andrypriyana80,2025-07-17T06:29:19Z,0,Emang bener perempuan kaya kuda?
@Nay-ws8jz,2025-07-17T06:26:05Z,0,Kehilangan ginjal kuğŸ˜‚ğŸ˜‚
@lolaarmandlolaarmand1637,2025-07-17T06:25:12Z,0,Perempuan banyak kuda
@fauziah6575,2025-07-17T06:21:59Z,0,Di ulang ulang tetep ngakak banget yang terakhir ğŸ˜‚
@mawarmelati4137,2025-07-17T06:21:24Z,0,Hahaha ğŸ˜‚
@ahmadzul-gt,2025-07-17T06:15:51Z,0,Perempuan kayak kuda kocak sih ğŸ˜‚
@dhodysagara573,2025-07-17T06:12:37Z,0,Astaghfirullah BG di barat ğŸ˜­ğŸ˜­
@KENZOMAULANASAOGI-v2w,2025-07-17T06:05:56Z,0,mana yang papa telponnnnnn papa telponnnn halo om bapakkku sudah tiada
@RisdaYanti-x1z,2025-07-17T05:59:38Z,0,Pagi matahari di barat serem banget
@RanaMahirah-y8z,2025-07-17T05:58:58Z,0,Pertama kak galyas ketiga kak avolia
@MarikGliven-x5g,2025-07-17T05:57:24Z,0,ğŸ˜‚ğŸ˜‚ğŸ˜‚ğŸ˜‚
@EkoSetiawan-xf4cc,2025-07-17T05:55:47Z,0,Ngakak perempuan kaya kuda wkwkwkw ğŸ˜­ğŸ¤©
@KeyraadresiaPutri,2025-07-17T05:53:37Z,0,KudağŸ˜‚?
@c.d.tchanel3924,2025-07-17T05:44:10Z,0,Yg pertama itu kak galyes ya ğŸ˜ŠğŸ˜ŠğŸ˜Š
@jennyrahma5297,2025-07-17T05:43:18Z,0,GoblokğŸ˜‚ğŸ˜‚ğŸ˜‚ğŸ˜‚
@yessiregar-vj3od,2025-07-17T05:42:33Z,0,Agak lain memangnya bah matahari pagiku cerahku dibilangnya matahari BaratğŸ˜‚ğŸ˜‚ğŸ˜‚ğŸ˜‚ğŸ˜‚ğŸ˜‚
@najwaazzhrasnt,2025-07-17T05:42:18Z,2183,the real cowo susah di tebak ğŸ˜­ğŸ—¿
@mradha3784,2025-07-17T05:41:34Z,0,Perempuan kaya kuda asli lucu banget ğŸ˜‚
@lintangbonita2272,2025-07-17T05:41:07Z,182,Sungguh menghibur... ğŸ˜…ğŸ˜…ğŸ˜…ğŸ¤£ğŸ¤£ğŸ¤£
@muniffauzi5026,2025-07-17T05:40:46Z,0,Nyambung banget yang no 4
@jumidadaa1105,2025-07-17T05:40:02Z,0,ğŸ˜‚ğŸ˜‚ğŸ˜‚ğŸ˜‚ğŸ˜…ğŸ˜…
@SitiZubaidah-w9p,2025-07-17T05:32:13Z,0,Salah maksudnya kudağŸ˜…ğŸ˜…
@SitiZubaidah-w9p,2025-07-17T05:30:08Z,0,Aku paling lucu haya susanti perempuan kaya kufa lucu banget njirrrğŸ˜‚ğŸ˜‚ğŸ˜‚ğŸ˜‚ğŸ˜‚
@reyvansyahputra-x3b,2025-07-17T05:29:25Z,0,"1.Perempuan kayak kudağŸ˜…ğŸ˜…ğŸ˜…ğŸ˜…

2.kehilangan ginjal kuuuğŸ˜®ğŸ˜®ğŸ˜®ğŸ˜®

3.jangan nangisğŸ˜‚ğŸ˜‚ğŸ˜‚ğŸ˜‚ğŸ˜‚

4.dirundung wibuğŸ˜‚ğŸ˜‚ğŸ˜‚ğŸ˜‚ğŸ˜‚ğŸ˜‚


5.matahari di baratğŸ˜‚ğŸ˜‚ğŸ˜‚ğŸ˜‚ğŸ˜‚"
@JajatAbot,2025-07-17T05:25:23Z,0,yang kedua itu lagu suster L aki ingat aku suka nonton
@AlfinNaufal-i6x,2025-07-17T05:12:21Z,0,Itu yang pertama kayak galiyas
@ArfinoNazril-i2f,2025-07-17T05:00:17Z,0,Bukannya Matahari Di TimurğŸ¤”ğŸ¤”
@Rass-147,2025-07-17T04:54:35Z,0,Kalok matahari di barat kita kiamak
@daffabtsatama7355,2025-07-17T04:52:15Z,0,No 1 ada kak galyas ğŸ‰ğŸ‰
@Dinkaaja,2025-07-17T04:51:01Z,0,"""JaNgAn NaNgIsSs""ğŸ˜­ğŸ˜­ğŸ—¿"
@Syakiladungdung-k8j,2025-07-17T04:49:25Z,0,_-perempuan kayak kuda...-_
@VirnyAndini-f1i,2025-07-17T04:47:18Z,0,Yang pertama muka nya yang perempuan mirip kak galyas
@NailaSanaya,2025-07-17T04:46:35Z,0,Nomer 1 sumpah ğŸ˜‚ğŸ˜‚ğŸ˜‚ğŸ˜‚ğŸ˜‚ğŸ˜‚ğŸ˜‚ğŸ˜‚ğŸ˜‚ğŸ˜‚ğŸ˜‚ğŸ˜‚ğŸ˜‚ğŸ˜‚ğŸ˜‚ğŸ˜‚ğŸ˜‚ğŸ˜‚ğŸ˜‚ğŸ˜‚ğŸ˜‚ğŸ˜‚ğŸ˜‚ğŸ˜‚ğŸ˜‚ğŸ˜‚ğŸ˜‚ğŸ˜‚ğŸ˜‚ğŸ˜‚ğŸ˜‚ğŸ˜‚ğŸ˜‚ğŸ˜‚
@Koaci229,2025-07-17T04:44:56Z,0,matahari di barat ğŸ’€â˜ ï¸ singkat padat kiamatğŸ—¿
@khalidabror5302,2025-07-17T04:42:51Z,0,Di pim dong
@dolphinsthamand6585,2025-07-17T04:37:26Z,0,Yg trakhir orang lg banyak beban di suruh nyanyi : jadi lah matahari terbit dari barat ğŸ˜‚
@fahrirevanza,2025-07-17T04:33:48Z,0,ğŸ˜‚ğŸ˜‚ğŸ˜‚ğŸ˜‚ğŸ˜‚
@UmmiKulsum-e5p,2025-07-17T04:31:39Z,0,Berarti kiamat ğŸ˜‚
@putraperkasa0059,2025-07-17T04:30:02Z,0,Bangke semua lu... wkwkwkwk
@DelisaTiyasashila,2025-07-17T04:26:06Z,0,ğŸ˜‚ğŸ˜‚ğŸ˜‚ğŸ˜‚ğŸ˜‚ğŸ˜‚ğŸ˜‚ğŸ˜‚ğŸ˜‚ğŸ˜‚ğŸ˜‚ğŸ˜‚ğŸ˜‚ğŸ˜‚ğŸ˜‚ğŸ˜‚ğŸ˜‚ğŸ˜‚ğŸ˜‚ğŸ˜‚ğŸ˜‚ğŸ˜‚ğŸ˜‚ğŸ˜‚ğŸ˜‚ğŸ˜‚ğŸ˜‚ğŸ˜‚
@AbiManyu-o1z,2025-07-17T04:21:04Z,0,Ngakak sampe gak bisa batukğŸ˜‚ğŸ˜‚ğŸ˜‚ğŸ˜‚
@MarshallRiwa,2025-07-17T04:20:53Z,0,Terakhir gelap anjirrrrğŸ—¿
@CilukBa-y6q,2025-07-17T04:14:19Z,0,Jangan nangis ğŸ˜‚ğŸ˜‚ğŸ˜‚ğŸ˜‚ğŸ˜‚ğŸ˜‚ğŸ˜‚ğŸ˜‚ğŸ˜‚ğŸ˜‚ğŸ˜‚ğŸ˜‚ğŸ˜‚ğŸ˜‚ğŸ˜‚ğŸ˜‚ğŸ˜‚ğŸ˜‚ğŸ˜‚ğŸ˜‚ğŸ˜‚ğŸ˜‚ğŸ˜‚
@CilukBa-y6q,2025-07-17T04:14:06Z,0,Jangan nangis ğŸ˜‚ğŸ˜‚ğŸ˜‚ğŸ˜‚ğŸ˜‚ğŸ˜‚ğŸ˜‚ğŸ˜‚ğŸ˜‚ğŸ˜‚ğŸ˜‚ğŸ˜‚ğŸ˜‚ğŸ˜‚ğŸ˜‚ğŸ˜‚ğŸ˜‚ğŸ˜‚ğŸ˜‚ğŸ˜‚ğŸ˜‚ğŸ˜‚ğŸ˜‚
@SatsatSatsat-u4n,2025-07-17T04:10:30Z,0,Yang aku denger ahzazusanti
@Rohman123-l1y,2025-07-17T04:09:37Z,0,ğŸ¤£ğŸ¤£ğŸ¤£ğŸ¤£
@rizqiano9063,2025-07-17T03:51:56Z,0,Gue malah no 3 yamg bikin ngakakğŸ˜‚ğŸ˜‚
@motoholix,2025-07-17T02:47:06Z,0,No 2 sih plng kocakğŸ˜‚
@marcellamaharani1879,2025-07-17T02:25:07Z,0,pecah banget pass dirundung wibu ğŸ˜‚
@muhammadidan9819,2025-07-17T02:24:32Z,0,ğŸ˜‚lucu haha
@fingkannusonu63,2025-07-17T02:15:11Z,0,Gak kuattğŸ˜­ğŸ˜­ğŸ¤ğŸ¼ğŸ¤ğŸ¼ğŸ¤ğŸ¼
@belsloveee,2025-07-17T02:14:09Z,1,Garing
@AlkhalifiAbidHaryadi,2025-07-17T02:07:23Z,0,ğŸ˜‚ğŸ˜‚ğŸ˜‚ğŸ˜‚ğŸ˜‚
@BayuFebriyanto-m7c,2025-07-17T01:56:25Z,0,ğŸ˜†ğŸ˜†ğŸ˜†ğŸ˜†ğŸ˜†
@NelaSimarmata-e5s,2025-07-17T01:36:28Z,0,"Bagi ku prediksi skor 
1 perempuan kaya kuda 
2 matahari di barat 
3 kehilangan ginjal ku 
4 dirundung wibu 
5 jangan nangis 
5"
@smoot_heart4385,2025-07-17T01:20:14Z,0,"Ngepeeettt luhh pada..
Ngakak gakudah udah neh gw...
ğŸ¤£ğŸ¤£ğŸ¤£ğŸ¤£"
@AnisaYudha,2025-07-17T01:12:20Z,0,ğŸ¤£ğŸ¤£ğŸ¤£ğŸ¤£ğŸ¤£ğŸ˜‚ğŸ¤£
@HamsterMonster2025,2025-07-17T01:08:47Z,0,Perempuan kaya kuda ğŸ‡ğŸ‡ğŸ‡ğŸ‡ğŸ‡ğŸ‡ğŸğŸğŸğŸ˜‚ğŸ˜‚ğŸ˜‚ğŸ˜‚ğŸ˜‚ğŸ˜‚
@HondaSkupi,2025-07-17T01:06:21Z,0,kiamat donk!!!
@andhoy8621,2025-07-17T01:02:30Z,0,Matahari di baratğŸ˜‚ğŸ˜‚ğŸ˜‚ kiamat bang
@Clara69460,2025-07-17T00:58:43Z,0,ğŸ˜‚ğŸ˜‚
@fatihseptian6104,2025-07-17T00:58:24Z,0,Yang terakhir agak gelap coy....
@vans24434,2025-07-17T00:47:16Z,0,"makanya kalo orng lgi ngintip tu jangan di ganggu, ini malah di ajak nyanyi, nyleneh sekali jadinya ğŸ˜­ğŸ˜­ğŸ˜­ğŸ˜­"
@djiwaindahraidalhadi7261,2025-07-17T00:34:36Z,0,Ampe nangis gw ngakak
@noermohamad5260,2025-07-17T00:18:07Z,0,No 5...dia pgn cpt kiamatğŸ˜‚ğŸ˜‚
@JuragantelurBoss,2025-07-16T23:49:57Z,0,"Mmuaaachhh..... 
Aaaakhhh"
@jujucaby8540,2025-07-16T23:47:50Z,0,ğŸ¤£ğŸ¤£ğŸ¤£
@farrasaufarazqabachtiar831,2025-07-16T23:18:54Z,0,Dengan yakinnya Abang nya bilang jangan nangisğŸ˜‚ğŸ˜‚ğŸ˜‚ğŸ˜‚
@TatikKrustianah,2025-07-16T23:12:46Z,0,ğŸ˜‚ğŸ˜‚ğŸ˜‚ğŸ˜‚ğŸ˜‚ğŸ˜‚
@mayra8232,2025-07-16T18:34:18Z,0,Jangan claim itu lagu susanti ya.... Kerana itu p ramlee punya lagu tapi bukan susanti tapi cik siti indogÂ² mau ngeclaim lagu orng
@JuminahAnto,2025-07-16T15:58:03Z,0,Harusnya perempuan banyak muda bukan perempuan kayak kuda hahahahağŸ˜…ğŸ˜‚ dirundung ibu nggak tuh hahaha ngakak banget massa matahari di baratğŸ˜…ğŸ˜…ğŸ˜…ğŸ˜…ğŸ˜…ğŸ˜…ğŸ˜…ğŸ˜‚ğŸ˜‚ğŸ˜‚ğŸ˜‚
@floralicia-h6v,2025-07-16T15:39:06Z,0,2 ngakak banget
@rendydjauhari6543,2025-07-16T15:02:20Z,0,Definisi gk pake pikir kataÂ² apalagi yang matahari di barat wkwkwkwkwk
@Xy_laa07,2025-07-16T14:52:39Z,0,Ginjal ku nggk tuhhğŸ˜…ğŸ˜…ğŸ˜…
@ElrafifSuseno,2025-07-16T14:09:34Z,0,Yang matahari  dibarat parah  woy
@Yenirafika1,2025-07-16T14:07:26Z,1,Salfok banget sama dirundung wibuğŸ˜Š
@Anggun-ce5yk,2025-07-16T13:57:45Z,0,Aya susanti... Prempuan banyak gaya...
@bethannsitanggang7764,2025-07-16T13:53:55Z,0,-u-
@atmadeva2394,2025-07-16T13:51:29Z,0,ih wibuğŸ’€ğŸ’€ğŸ’€
@AudriaBasuki,2025-07-16T13:38:59Z,2,"Lucu banget njirrr ampe gk berhenti ketawa kampret apalagi yang:
""aPa saLahku aPa saLah iBuku"" ğŸ˜‚ğŸ˜‚ğŸ˜‚ğŸ˜‚ğŸ˜‚ğŸ˜‚ğŸ˜‚ğŸ˜‚ğŸ˜‚ğŸ˜‚ğŸ˜‚ğŸ˜‚ğŸ˜‚ğŸ˜‚ğŸ˜‚ğŸ˜‚ğŸ˜‚ğŸ˜‚ğŸ˜‚ğŸ˜‚ğŸ˜‚ğŸ˜‚ğŸ˜‚ğŸ˜‚ğŸ˜‚ğŸ˜‚ğŸ˜‚ğŸ˜‚ğŸ˜‚"
@sitimahmudah1377,2025-07-16T13:35:02Z,0,No 1 sama 5 kocak banget
@NuriwayatiAjaa223,2025-07-16T13:32:28Z,0,ğŸ˜‚ğŸ˜‚ğŸ˜‚ğŸ˜‚ğŸ˜‚ğŸ˜‚ğŸ˜‚ğŸ˜‚ğŸ˜‚
@annawong1995,2025-07-16T13:17:06Z,0,Yg no dua aku bgtğŸ˜…ğŸ˜…ğŸ˜…
@NURlaeliAnawiyah,2025-07-16T13:15:36Z,0,Yang telakir lucu banget sama yang dirundung wibu
@imaelhaq1571,2025-07-16T13:09:00Z,0,Pagi ku cerah ku matahari di barat ku gendong amal ku menuju surga ğŸ’€ğŸ’€ğŸ’€ğŸ’€ğŸ’€ğŸ’€ğŸ’€ğŸ’€ğŸ’€ğŸ’€ğŸ’€ğŸ’€ğŸ’€ğŸ’€
@inasetiani1893,2025-07-16T13:07:38Z,1,Aya susanti= perempuan kaya kuda
@intanamri1008,2025-07-16T12:50:47Z,1,Perempuan kaya kuda ğŸğŸ˜­ğŸ˜­ğŸ˜­ğŸ˜­ğŸ˜­
@kenrahina9938,2025-07-16T12:34:45Z,0,Itu galyas kah
@xyz_Sofia,2025-07-16T12:24:48Z,1,Anjng bngt sumph bikin ngakak ğŸ˜­ğŸ¤£
@emmanuelguang5437,2025-07-16T12:20:01Z,0,bukan kuna tapi muda
@Mutsuki-z7q,2025-07-16T11:59:38Z,0,Sakit perut akuğŸ¤£ğŸ¤£ğŸ¤£
@MauludinMalongi,2025-07-16T11:49:05Z,0,Semoga nggak terjadiğŸ˜¢
@suhernawati8597,2025-07-16T11:31:57Z,1,Video pertama kak galyas lucu banget ğŸ¤£ğŸ¤£ğŸ¤£ğŸ¤£ğŸ¤£ bentar perasaan kak galyas gak pernah bikin video itu . Itu di akun YouTube atau Tiktok bingung ğŸ˜•ğŸ˜•
@earlisfirdayanti882,2025-07-16T11:24:47Z,0,fikss ga ada bedanya sama nuaiman
@mohammadnouvalalfarel1573,2025-07-16T11:18:44Z,0,aku kehilangan ayahhğŸ˜ğŸ˜
@ManusiaIreng-Gw,2025-07-16T11:09:44Z,1,Matahari dibarat... Waduhh bg gk bahaya ta
@AnipAnip-p3t,2025-07-16T10:53:18Z,1,ğŸ˜‚ğŸ˜‚ğŸ˜‚ğŸ˜‚ğŸ˜‚ğŸ˜‚ğŸ˜‚
@yeremiahutabalian1894,2025-07-16T10:46:53Z,1,Penghuni jam 3 pagi ğŸ¤£ ğŸ˜­
@zaskiaalmira8074,2025-07-16T10:38:05Z,0,Perempuan kayak kuda ğŸ˜‚ğŸ˜‚ğŸ˜‚ğŸ˜‚ğŸ˜‚ğŸ˜‚
@SitiNurjanah-b6w,2025-07-16T10:33:17Z,1,Ngakak semuanyah
@WahyuSabilal-qo3sd,2025-07-16T10:23:50Z,7,Lagu paling lucu nomor 1 sama nomor 2 lucu banget anjir lah aku lagi makan soto tapi sotonya ambil gara-gara nomor 1 sama nomor 2 ğŸ˜…ğŸ˜…ğŸ˜…ğŸ˜‚ğŸ˜‚ğŸ˜‚ğŸ˜‚ğŸ˜‚ğŸ˜‚
@nandatasya8870,2025-07-16T10:20:11Z,1,Kalau matahari dibarat kiamat lah
@michaelbrandon2317,2025-07-16T09:44:50Z,1,Matahari di barat berrati kia### hahahah
@MedaWati-t1k,2025-07-16T09:40:26Z,1,Pernah banget pembantu ku aku lagi nyayi menagis lah malah jawab jangan nagis
@gisela22gisel7,2025-07-16T09:21:30Z,1,Itu kak galyas gasi
@CiciPonsel-u9r3x,2025-07-16T09:16:32Z,1,Ada kak galyas
@rini_cu20,2025-07-16T09:03:32Z,0,"Ke tiga: aku punya pertama lagu. Tajuk: jiwa bersedih
Aku punya pertama lagu di like 
ğŸ‘‡"
@RehanReyhan-dg1dt,2025-07-16T08:59:18Z,1,No 5 lagi ngintip apaan
@KhairaKhaira-r7z,2025-07-16T08:51:07Z,2,pagi ku cerah ku matahari di barat ku gendong tas merah ku di kiamatğŸ˜¢ğŸ˜¢ğŸ˜¢
@AureliaisnaNurrohmawati,2025-07-16T08:48:51Z,1,Asikin ajağŸ—¿
@DilanAlfarisky-c1d,2025-07-16T08:48:24Z,1,Anjayy matahari di barat ğŸ˜‚ğŸ˜‚ğŸ˜‚ğŸ˜‚ğŸ˜‚ğŸ˜‚ğŸ˜…ğŸ˜‚ğŸ˜…
@PidariArsyad,2025-07-16T08:47:40Z,1,Kan temen gw ikutan matahari di barat
@DewiYanti-vy4po,2025-07-16T08:42:50Z,5,"1. ğŸ˜‚ğŸ˜‚ğŸ˜‚ğŸ˜‚ğŸ˜‚ğŸ˜‚ğŸ˜‚ğŸ˜‚ğŸ˜‚ğŸ˜‚ğŸ˜‚ğŸ˜‚
2. ğŸ˜‚ğŸ˜‚ğŸ˜‚ğŸ˜‚ğŸ˜‚ğŸ˜‚ğŸ˜‚ğŸ˜‚ğŸ˜‚ğŸ˜‚ğŸ˜‚ğŸ˜‚
3. ğŸ¤£ğŸ¤£ğŸ¤£ğŸ¤£ğŸ¤£ğŸ¤£ğŸ¤£ğŸ¤£ğŸ¤£ğŸ¤£ğŸ¤£ğŸ¤£
4. ğŸ¤£ğŸ¤£ğŸ¤£ğŸ¤£ğŸ¤£ğŸ¤£ğŸ¤£ğŸ¤£ğŸ¤£ğŸ¤£ğŸ¤£ğŸ¤£
5. ğŸ¤£ğŸ¤£ğŸ¤£ğŸ¤£ğŸ¤£ğŸ¤£ğŸ˜‚ğŸ˜‚ğŸ˜‚ğŸ˜‚ğŸ˜‚ğŸ˜‚"
@nandoprasetyo6220,2025-07-16T08:41:31Z,1,ğŸ˜‚ğŸ˜Š
@diandra_aninditha,2025-07-16T08:35:19Z,0,Garing
@MiminImoet-p5g,2025-07-16T08:34:40Z,1,Ya ga salah sih orang nyağŸ˜…ğŸ˜…
@MuzDalifah-o6x,2025-07-16T08:06:42Z,0,Aku pernah nari pagi ku cerah ku â¤â¤â¤
@saripahipah5141,2025-07-16T07:57:30Z,0,yang ke lima lucu bener jir ğŸ˜‚ğŸ˜‚ğŸ˜‚ğŸ˜‚ğŸ˜‚ğŸ˜‚ğŸ˜‚ğŸ˜‚ğŸ˜‚ğŸ˜‚ğŸ˜‚
@Hasanah1234-t6q,2025-07-16T07:54:14Z,32,yang aku buat ketawa yg pertama ngakak ğŸ˜‚ğŸ˜‚ğŸ˜‚ğŸ˜†ğŸ¤£ğŸ¤£
@salmasatirah3933,2025-07-16T07:52:11Z,0,Ngakak bener ampe nyesek deh ğŸ˜‚ğŸ˜‚ğŸ˜‚
@KeyshaFarma,2025-07-16T07:49:46Z,0,ğ—œğ—»ğ—¶ ğ—´ğ—®ğ—¹ğ˜†ğ—®ğ˜€ ğ—¯ğ˜‚ğ—¸ğ—®ğ—» ğ˜†ğ—´ ğ—½ğ—²ğ—¿ğ˜ğ—®ğ—ºğ—®
@capydenris,2025-07-16T07:48:47Z,1,Aku sedih banget babak aku dah di surga yang tenang dan gak pusing lagi ğŸ˜¢ğŸ˜¢ğŸ˜¢
@capydenris,2025-07-16T07:47:43Z,7,"Babak ku dah di surga yang tenang
ğŸ˜¢ğŸ˜­ğŸ˜­ğŸ˜­ğŸ˜­ğŸ˜­ğŸ˜­ğŸ˜­ğŸ˜­ğŸ˜­ğŸ˜­ğŸ˜­ğŸ˜­ğŸ˜­ğŸ˜¢ğŸ˜¢ğŸ˜¢ğŸ˜¢ğŸ˜­ğŸ˜­ğŸ˜­ğŸ˜­ğŸ˜­ğŸ˜­ğŸ˜­ğŸ˜­ğŸ˜­ğŸ˜­ğŸ¥ºğŸ¥ºğŸ¥²ğŸ¥²ğŸ˜¢ğŸ˜¢ğŸ˜¥ğŸ˜¥ğŸ¥¶ğŸ¥¶â˜ ï¸ğŸ˜¿ğŸ’™ğŸ’” Enak ya kalian masih punya babak aku dah endak atek lagi ğŸ˜¢ğŸ˜¢"
@IsroiyahBunyamin,2025-07-16T07:42:15Z,0,"""menangislahh "" 
"" Jangan nangisss"""
@FinanHaris37,2025-07-16T07:41:07Z,0,Yg petama ad kak galyas
@Muhammaddzaki-q5y,2025-07-16T07:29:19Z,0,"G ada ini kah ""tak ada yg mau jadikan aku tuk jadi penggemar m u"""
@fansmagic-y8t,2025-07-16T07:15:31Z,0,Pertama itu kak galyas ya
@Kai_Z_MLBB,2025-07-16T07:12:02Z,0,Yg terakhir gelap sih
@gxciflix9131,2025-07-16T07:10:08Z,1,Udah sering nonton ini kok tetap ngakak yaahğŸ˜…ğŸ˜…
@zalenabil,2025-07-16T07:09:04Z,0,Ternyata belom siapa aku kehilangan ginjal ku wkwkwkkwğŸ˜‚ğŸ˜‚ğŸ˜‚ğŸ˜‚ğŸ˜‚ğŸ˜‚
@GiyantoAyam,2025-07-16T07:04:08Z,0,Bagusâ¤â¤â¤
@jajangmulyana5241,2025-07-16T07:00:43Z,0,Nomer 1 bukannya kak galyas
@HanafiMuhammad-y8b,2025-07-16T06:53:38Z,0,"Sama mama suruh nangisğŸ˜¢
Tapi sama ayah jangan nangisğŸ˜‚"
@NexenD-YT,2025-07-16T06:53:04Z,0,pagi ku cerah ku matahari di barat ku ingin sekali tobat tapi telat ğŸ˜‚
@aliceyaa,2025-07-16T06:45:41Z,0,"""jangan nangis""ğŸ¤£ğŸ¤£ğŸ˜­ğŸ˜­ğŸ˜­"
@JaviraAndini,2025-07-16T06:41:42Z,0,ğŸ˜‚ğŸ˜‚haha semuanya lucu
@Zahiranurhikmah-x6u,2025-07-16T06:40:27Z,0,Nomor 1 kak galyas
@nurhayatiyati1909,2025-07-16T06:40:17Z,0,Matahari di barat. Hari kiamat ğŸ˜‚ğŸ˜‚ğŸ˜‚ğŸ˜‚
@PutriNauraSahda,2025-07-16T06:35:30Z,0,Yang pertama kyk galyas
@huhahua.,2025-07-16T06:33:57Z,0,yang nomor 1 ceweknya mirip kak galyas gk sih?
@NabilaNabila-i3u,2025-07-16T06:31:55Z,0,Iya kayak kak galyas
@FFD-o9f,2025-07-16T06:28:59Z,0,"Yang terakhir kayak lagu yang selalu kunyanyikan tapi agak panjang dikit 
Lagu:
PAGIKU CERAHKU MATAHARI DI BARAT AKU MAU TOBAT TAPI DAH TELAT 
ğŸ˜‚ğŸ˜‚ğŸ˜‚ğŸ˜‚ğŸ˜‚ğŸ˜‚ğŸ˜‚ğŸ˜‚ğŸ˜‚ğŸ˜‚ GIMANA LAGUNYA BAGUS NGAK"
@nailasyifarabbani835,2025-07-16T06:17:08Z,0,ğŸ˜‚ ngakak baget
@ZerlinFelis,2025-07-16T06:15:45Z,2,Nomer 1 yang perempuan mirip kak galyas gak sih
@KinarWaru,2025-07-16T06:00:07Z,0,anjir galyas cokkkkkk
@indrabdmjeruk,2025-07-16T05:46:48Z,0,Mudah bang bukan kuda HAHAHAHA ğŸ˜‚
@Gibran_8G,2025-07-16T05:38:19Z,95,Wkwkwkkwkw sampe nonton bsrkali kaliğŸ˜‚ğŸ˜‚ğŸ˜‚ğŸ˜‚
@VayrelHibanes,2025-07-16T05:31:24Z,59,"No 4 nyambung banget ğŸ¤£ğŸ¤£ğŸ¤£ğŸ¤£ğŸ¤£ğŸ¤£ğŸ¤£ğŸ¤£ğŸ¤£ğŸ¤£ğŸ¤£ğŸ¤£ğŸ¤£ğŸ¤£ğŸ—¿
No 5 matahari di barat kiamat ğŸ¤£ğŸ¤£ğŸ¤£ğŸ¤£ğŸ¤£ğŸ¤£ğŸ¤£ğŸ¤£ğŸ¤£ğŸ¤£ğŸ¤£ğŸ¤£ğŸ¤£ğŸ¤£ğŸ¤£ğŸ—¿"
@mutiaracm7210,2025-07-16T05:27:42Z,0,Matahari di barat.auto panikğŸ˜‚ğŸ˜‚
@Inarawiwinn,2025-07-16T05:26:12Z,14,Yang pertama ngakak bangetttttttğŸ¤£ğŸ¤£ğŸ¤£ğŸ¤£ğŸ¤£ğŸ¤£ğŸ¤£ğŸ¤£ğŸ¤£ğŸ¤©ğŸ¤©ğŸ¤£
@AbdHavid,2025-07-16T05:23:56Z,0,Ngank betatğŸ˜‚ğŸ˜‚ğŸ˜‚ğŸ˜‚ğŸ˜‚ğŸ˜‚ğŸ˜‚
@shaylendrashaylendra5,2025-07-16T05:20:36Z,0,yang ke dua lagunya buat kamboja
@HenniCenatcenut,2025-07-16T05:20:13Z,0,No 3 lcuğŸ˜‚
@akusaya571,2025-07-16T05:06:51Z,0,Kayak kudağŸ¤£
@DetiKarwati-o1w,2025-07-16T05:02:35Z,0,Yg perempuan kaya kuda kak galyas bukan
@HadrohAlMadinah,2025-07-16T04:58:20Z,0,yang pertama kaya kak galyas gak sih
@Nisa_chennel21,2025-07-16T04:53:16Z,0,Kalau matahari di barat berarti kiam*t
@KeigoZidan,2025-07-16T04:51:01Z,890,"Bagi ku prediksi skor 
1... perempuan kaya kuda
2... matahari di barat
3... Jangan nangis 
4... kehilangan ginjal ku
5... dirundung Wibu"
@AchaAndhara,2025-07-16T04:43:38Z,0,lah kak galyas
@suryajailani3135,2025-07-16T04:39:58Z,0,Buset menangis jangan nangis
@Dapa-t3t,2025-07-16T04:39:52Z,0,"~ menangislah~
'Jangan nangis' ğŸ—¿ğŸ—¿"
@KikiRizky123,2025-07-16T04:22:54Z,0,Sumpah kocak banget sumpah sampai batuk batuk guağŸ˜‚ğŸ˜‚ğŸ˜‚ğŸ˜‚ğŸ˜‚ğŸ˜‚ğŸ˜‚ğŸ˜‚ğŸ˜‚ğŸ˜‚ğŸ˜‚ğŸ˜‚ğŸ˜‚ğŸ˜‚ğŸ˜‚ğŸ˜‚ğŸ˜‚ğŸ˜‚ğŸ˜‚ğŸ˜‚ğŸ˜‚
@MamanMan-q7e,2025-07-16T04:12:04Z,0,ğŸ˜‚ğŸ˜‚ğŸ˜‚ğŸ˜‚ğŸ˜‚ğŸ˜‚ğŸ˜‚ğŸ˜‚ğŸ˜‚ğŸ˜‚ğŸ˜‚ğŸ˜‚ğŸ˜‚ğŸ˜‚ğŸ˜‚ğŸ˜‚ğŸ˜‚ğŸ˜‚ğŸ˜‚ğŸ˜‚ğŸ˜‚ğŸ˜‚ğŸ˜‚ğŸ˜‚ğŸ˜‚ğŸ˜‚ğŸ˜‚ğŸ˜‚ğŸ˜‚ğŸ˜‚ğŸ˜‚ğŸ˜‚ğŸ˜‚ğŸ˜‚
@AbdulHafizIbrohim,2025-07-16T03:58:57Z,0,Yg pertama kayak kak galyas
@rinaapry,2025-07-16T03:37:19Z,0,3. ğŸ˜‚ğŸ˜‚
@mutiaraistna,2025-07-16T03:31:12Z,0,Yang pertama galyas bukan ya
@sugianto3897,2025-07-16T03:21:15Z,0,Dirundung wibu anjayğŸ˜‚ğŸ˜‚ğŸ˜‚ğŸ˜‚ğŸ˜‚
@alwayssmy_fanss00,2025-07-16T03:13:50Z,5,Yang terakhir paling parahh sihh
@alwayssmy_fanss00,2025-07-16T03:13:31Z,1,No 5 paling ngakakk angÂ¹â°â°
@DiandianAdam,2025-07-16T02:55:33Z,0,Matahari di baratğŸ˜‚
@endrocahyoto9717,2025-07-16T02:54:52Z,0,itu mirip galyas
@AhmadKamil-q5k,2025-07-16T02:43:35Z,0,Perempuan kayak kuda nggak tuhğŸ˜‚ğŸ˜‚ğŸ˜‚
@ZahraMaulida-s3y,2025-07-16T02:41:38Z,28,"Matahari di barat 

Kiamat woiiâ˜ ï¸ğŸ’€"
@QueenTheblack,2025-07-16T02:36:49Z,0,"Matahari di barat,,, kiamatğŸ˜‚"
@faizahnurpuspita5659,2025-07-16T02:34:12Z,0,ğŸ¤£ğŸ¤£ğŸ¤£ğŸ¤£ğŸ¤£ğŸ¤£ğŸ¤£ğŸ¤£ğŸ¤£ğŸ¤£
@Piepietmessina,2025-07-16T02:31:58Z,0,Eh busetğŸ˜‚
@normadino3489,2025-07-16T02:26:26Z,0,Ko perem
@morynnaeka,2025-07-16T01:24:14Z,0,ğŸ˜‚ğŸ˜‚ğŸ˜‚ğŸ˜‚
@Nyomanwisada-l8i,2025-07-16T01:18:35Z,0,"Lahh aku tinggal di barat,ğŸ—¿ğŸ—¿"
@ayramysha2718,2025-07-16T01:17:29Z,0,Yng pertama kok ky galyas ya?? ğŸ˜­ğŸ˜­ğŸ˜­
@juliani4684,2025-07-16T01:06:50Z,0,Sampai ngakak
@juliani4684,2025-07-16T01:06:28Z,0,Lucu banget sampe ngaki
@YanDuriawan,2025-07-15T22:55:35Z,12,Wih  kehilangan  ginjal  weeeeeeeeeeeeğŸ˜‚ğŸ˜‚ğŸ˜‚ğŸ˜‚ğŸ˜‚ğŸ˜‚ğŸ˜‚ğŸ˜‚ğŸ˜‚ğŸ˜‚ğŸ˜‚ğŸ˜‚ğŸ˜‚ğŸ˜‚
@OlakDungket-o6j,2025-07-15T21:22:14Z,0,Bangke.. yg terahir udah kiamat aja cok
@GaganAgustiawan,2025-07-15T21:20:13Z,0,garing semua anjir jadi ilfiel
@AbihanBihan,2025-07-15T16:30:16Z,0,Yang ke lima gelap ya
@mustopa-q7s,2025-07-15T14:50:03Z,0,Ngakak banget pas nomor 1 sama nomor 2
@Leo_ajah25,2025-07-15T13:59:15Z,0,Harusnya matahari di nomor dua lucu kali cokğŸ˜‚ğŸ˜‚ğŸ˜‚ğŸ˜‚ğŸ˜‚ğŸ˜‚ğŸ˜‚ğŸ˜‚ğŸ˜‚ğŸ˜‚
@Arkan-p8m,2025-07-15T13:53:58Z,0,Aku salfok yang dirundung wibuğŸ˜‚ğŸ˜‚ğŸ˜‚ğŸ˜‚ğŸ˜‚
@MuhammadZaini-v1w,2025-07-15T13:53:43Z,57,No 3 mentaliti gak suka nyanyi ğŸ˜‚ğŸ˜‚ğŸ˜‚
@Arkan-p8m,2025-07-15T13:53:20Z,0,Eh aku di Jawa Barat di kota Bogor kok disebut kota hujan ya harus nya gak disebut kota hujan soalnya kan ada di barat kan barat itu terbitnya matahari
@Susanti-k3n,2025-07-15T13:17:22Z,0,Nama aku putri Susanti ğŸ˜‚
@simplyrossa,2025-07-15T12:59:19Z,1,Wkwkkwkwkwwkk
@mistawila5531,2025-07-15T12:21:30Z,2,ğŸ¤£ğŸ¤£ğŸ¤£ğŸ¤£ğŸ¤£ğŸ¤£ğŸ¤£ğŸ¤£
@BilalNabihan-r2g,2025-07-15T09:38:08Z,241,Ngakaknya sampe surga ğŸ˜‚ğŸ˜‚ğŸ˜‚ğŸ¤£ğŸ¤£ğŸ¤£ğŸ¤£ğŸ¤£ğŸ—¿ğŸ—¿
@BilalNabihan-r2g,2025-07-15T09:37:30Z,1,ğŸ˜‚
@BilalNabihan-r2g,2025-07-15T09:37:25Z,1,Ketika gua bilekğŸ—¿
@ELVISBHI,2025-07-15T09:36:21Z,0,"Sumpah konten lo tuh kayak spin di âœŒğğ’ğ“ğğ“ğğŸ—ğŸ—âœŒâ€¦ gak ketebak, tapi ending-nya nagih!"
@DilkhushKumar-jp7ss,2025-07-15T09:36:20Z,0,"Nyimak podcast katanya biar pinter. Eh, gue malah pinter cari cuan sambil buka ğğ’ğ“ğğ“ğğŸ—ğŸ—!"
@MarcuslalremmawiaPachuau,2025-07-15T09:36:03Z,0,Kamu tuh kayak hadiah harian dari âœŒğğ’ğ“ğğ“ğğŸ—ğŸ—âœŒâ€¦ selalu dinanti!
@AadeshTandale,2025-07-15T09:36:03Z,0,"Tiap muncul, vibes kamu tuh kayak cuan masukâ€¦ ğ‘·ğ‘ºğ‘»ğ‘¶ğ‘»ğ‘¶ğŸ—ğŸ— banget!"
@SandipYadavSandipyadsv,2025-07-15T09:36:03Z,0,Bentar-bentar... ini kamu cakep beneran apa efek dari spin beruntun âœŒğğ’ğ“ğğ“ğğŸ—ğŸ—âœŒ?
@Mrbeitz,2025-07-15T09:36:03Z,0,Kamu tuh cakepnya gak adilâ€¦ kayak akun ğğ’ğ“ğğ“ğğŸ—ğŸ— yang menang terus padahal baru login!
@ShahfrozKing,2025-07-15T09:36:03Z,0,"Cakep sih, tapi masih kalah dikit sama saldo ğğ’ğ“ğğ“ğğŸ—ğŸ— pas ditarik full ğŸ˜"
@StunChou-l3i,2025-07-15T09:35:13Z,0,Mukamu tuh mirip ğ‘·ğ‘ºğ‘»ğ‘¶ğ‘»ğ‘¶ğŸ—ğŸ—... tiap muncul bikin rame!
@MajidKhanArif,2025-07-15T09:35:13Z,0,Senyummu tuh kayak tombol withdraw di âœŒğğ’ğ“ğğ“ğğŸ—ğŸ—âœŒâ€¦ sekali liat langsung pengen pencet!
@TOMANDJERRYTOMANDJERRY-k1x,2025-07-15T09:35:13Z,0,"Bilang aja kamu pinter nyari cuan, soalnya cakepmu tuh kayak saldo ğ‘·ğ‘ºğ‘»ğ‘¶ğ‘»ğ‘¶ğŸ—ğŸ—: makin hari makin naik!"
@arjun_rj.19,2025-07-15T09:35:13Z,0,"Serius, liat kamu tuh kayak spin ğğ’ğ“ğğ“ğğŸ—ğŸ—... gak pernah bosen dan selalu bikin senyum!"
@Karisma189,2025-07-15T09:29:00Z,0,Itu kak galyas gak sih
@shohibulbariq3,2025-07-15T08:50:04Z,181,Yang terakhir parah banget sihğŸ˜‚ğŸ˜‚ğŸ˜‚ğŸ˜‚
@FatkhulirsyadKj,2025-07-15T08:39:15Z,0,Galyas njir
@Ligusmuhamadligusmuhamad,2025-07-15T08:00:55Z,3,yg nomor 1 itu kirain galyas
@Ligusmuhamadligusmuhamad,2025-07-15T08:00:39Z,0,yg nomor 1 itu kirain galyas
@DoniZzz-pr9cw,2025-07-15T07:51:54Z,0,Lah kok perempuan kaya kuda sihğŸ¤£ğŸ—¿ğŸ—¿ğŸ—¿
@arisiirmayanti5483,2025-07-15T07:33:26Z,0,Dirumdung wibu ğŸ¤£ğŸ¤£ğŸ¤£ğŸ¤£ğŸ¤£
@AnjarSetya-z6f1c,2025-07-15T07:10:42Z,0,Ginjal ku dan jangan nangis
@afifahmahendi5105,2025-07-15T06:53:33Z,1804,Matahari di barattğŸ˜‚ğŸ˜‚ğŸ˜‚ğŸ˜‚ ahahahahahahh
@herisetiawan9723,2025-07-15T05:55:21Z,0,Di ulang ulang tetep ngakakğŸ˜‚ğŸ˜‚
@ImeldaPutri-p4l,2025-07-15T05:52:32Z,0,Gue ngakak bgtğŸ˜‚ğŸ˜‚
@NovitapeniAmbarsari,2025-07-14T15:39:26Z,0,ğŸ˜…ğŸ˜…ğŸ˜…ğŸ˜…ğŸ˜…ğŸ˜…ğŸ˜…
@KenziNarendra-h8o,2025-07-14T11:31:43Z,0,Yang paling lucu ke 2ğŸ˜‚ğŸ˜‚
@bayuriswono273,2025-07-14T04:10:58Z,0,JanjokğŸ‰ğŸ˜‚ğŸ˜‚ğŸ˜‚ğŸ˜‚ğŸ˜‚ğŸ˜‚ğŸ˜‚
@AsriAjah-p9j,2025-07-14T02:46:32Z,8,Jangan nagisğŸ˜‚ğŸ˜‚ğŸ˜‚
@Nurmaeni-l5e,2025-07-14T02:44:52Z,2,Kaya kuda...bjirrrrğŸ˜‚
@HiburanFiqi-m4s,2025-07-14T02:38:53Z,1,ğŸ˜‚ğŸ¤£ğŸ˜‚ğŸ¤£ğŸ˜‚ğŸ¤£ğŸ˜‚ğŸ¤£ğŸ˜‚ğŸ¤£ğŸ˜‚ğŸ¤£ğŸ˜‚ğŸ¤£ğŸ˜‚ğŸ¤£ğŸ˜‚ğŸ¤£
@albisyai.a,2025-07-14T02:23:23Z,2,Emmg bnr sih bang perempuan kyk kuda ğŸ˜‚
@ALBOY05ALBOYBUDAKONETAP,2025-07-14T01:17:07Z,2,ğŸ˜‚ğŸ˜‚ğŸ˜‚ğŸ˜‚ğŸ˜‚
